A,B,C,D,E,F,G
1,总则,,,1.0.1,为预防建筑火灾、减少火灾危害，保障人身和财产安全，使 建筑防火要求安全适用技术先进经济合理依据有关法律法 规制定本规范,本条明确了制定本规范的目的。 在建筑防火中要认真贯彻国家有关技术经济政策在建筑建 设与使用过程中确保所采用的技术方法安全可靠先进有效所 用材料和制品设施设备和器材等符合标准  在建筑防火中采用必要的技术措施和方法预防建筑火灾和 减少建筑火灾危害保护人身和财产的安全是建筑防火的基本目 标建筑防火要根据建筑物的使用功能空间与平面特征和使用 人员的特点采取提高本质安全的防火措施和控制火源的措施预 防发生火灾通过合理确定建筑物的平面布局耐火等级和构件的 耐火极限及必要的防火分隔有效的灭火与火灾报警等设施控制 和扑灭火灾保障人员疏散的安全性落实相关消防安全管理制 度实现建筑防火的目标
1,总则,,,1.0.2,除生产和储存民用爆炸物品的建筑外，新建、改建和扩建 建筑在规划设计施工使用和维护中的防火以及既有建筑改 造使用和维护中的防火必须执行本规范,本条明确了本规范的适用范围。 本规范规定了建筑防火的基本功能性能和相应的关键技术 措施是建筑全生命过程中的基本防火技术要求具有法规强制效 力必须严格遵守  新建改建和扩建的建筑在规划设计施工验收运行维护过程 中以及既有建筑的改造使用和维护中的防火均应符合本规范的 要求
1,总则,,,1.0.3,生产和储存易燃易爆物品的厂房、仓库等，应位于城镇规 划区的边缘或相对独立的安全地带,生产和储存易燃易爆物品的工厂、仓库、堆场、储罐等的规 划布局应在符合城镇总体规划的基础上充分分析这些场所的火 灾和爆炸危险性并通过合理布局尽可能减小这些场所发生火灾 对周围区域的危害性作用
1,总则,,,1.0.4,城镇耐火等级低的既有建筑密集区，应采取防火分隔措 施设置消防车通道完善消防水源和市政消防给水与市政消火栓 系统,对于城镇中耐火等级低的既有建筑密集区，应根据城镇建 设与老旧城区改造规划通过拆迁改造开辟防火隔离带或设置 防火墙消防车道消防水源等改善这些区域的消防安全条件  城镇区域的消防水源和消防给水应以市政供水管网市政消火栓 系统为主
1,总则,,,1.0.5,既有建筑改造应根据建筑的现状和改造后的建筑规模、火 灾危险性和使用用途等因素确定相应的防火技术要求并达到本 规范规定的目标功能和性能要求 城镇建成区内影响消防安全 的既有厂房仓库等应迁移或改造,既有建筑改造应尽量结合建筑及其内外部设施和电气线 路的改造提升其消防安全性能并应符合本规范规定的目标功 能和性能要求 城镇现状中不符合规划布局要求的生产储存场 所应采取迁移或改变这些建筑使用功能或用途等措施改善相应 区域的消防安全状况
1,总则,,,1.0.6,在城市建成区内不应建设压缩天然气加气母站，一级汽车 加油站加气站加油加气合建站,本条规定了在城市建设压缩天然气加气母站和城镇一级 各类加油加气加氢站时的基本选址要求以控制城市中的重大火 灾危险源 本条规定的城市建成区是指城市行政区内实际已经成片开 发建设市政公用设施和公共设施基本具备的地区
1,总则,,,1.0.7,城市消防站应位于易燃易爆危险品场所或设施全年最 小频率风向的下风侧其用地边界距离加油站加气站加油 加气合建站不应小于 50m距离甲乙类厂房和易燃易爆危险 品储存场所不应小于 200m 城市消防站执勤车辆的主出入 口距离人员密集的大型公共建筑的主要疏散出口不应小 于50m,本条规定了各类消防站选址的基本要求，以确保消防站自 身的安全并在消防救援出勤时能够迅速安全出动  本条规定的消防站包括国家综合性消防救援队政府专职 消防队企业专职消防队及其他形式消防队常驻的消防站消防站 的场地范围包括站内的建筑道路场地和设施等 在确定与易燃 易爆危险性场所的间距时应自消防站的用地边界算至相应场所 的用地边界当有围墙时可以计算至围墙
1,总则,,,1.0.8,工程建设所采用的技术方法和措施是否符合本规范要求， 由相关责任主体判定 其中创新性的技术方法和措施应进行论 证并符合本规范中有关性能的要求,强制性工程建设规范是以工程建设活动结果为导向的技 术规定突出了建设工程的规模布局功能性能和关键技术措 施但是规范中关键技术措施不能涵盖工程规划建设管理采用的 全部技术方法和措施仅仅是保障工程性能的关键点很多关键 技术措施具有指令性特点即要求工程技术人员去做什么规 范要求的结果是要保障建设工程的性能因此能否达到规范中 性能的要求以及工程技术人员所采用的技术方法和措施是否按 照规范的要求去执行需要进行全面的判定其中重点是能否保 证工程性能符合规范的规定 进行这种判定的主体应为工程建设的相关责任主体这是我 国现行法律法规的要求 建筑法 ))((建设工程质量管理条例 ))((民 用建筑节能条例 等以及相关的法律法规突出强调了工程监管 建设规划勘察设计施工监理检测造价咨询等各方主体的 法律责任既规定了首要责任也确定了主体责任在工程建设过 程中执行强制性工程建设规范是各方主体落实责任的必要条件 是基本的底线的条件有义务对工程规划建设管理采用的技术方 法和措施是否符合本规范规定进行判定 同时为了支持创新鼓励创新成果在建设工程中应用当拟 采用的新技术在工程建设强制性规范或推荐性标准中没有相关规 定时应当对拟采用的工程技术或措施进行论证确保建设工程达 到工程建设强制性规范规定的性能要求确保建设工程质量和安 全并应满足国家对建设工程环境保护卫生健康经济社会管理 能源资源节约与合理利用等相关基本要求
1,总则,,,1.0.9,违反本规范规定，依照有关法律法规的规定予以处罚。 2基本规定,本条规定了处罚的要求。 2基本规定
2,基本规定,2.1,目标与功能,2.1.1,建筑的防火性能和设防标准应与建筑的高度(埋深)、层 数规模类别使用性质功能用途火灾危险性等相适应,本条规定了各类建筑的防火性能和设防标准的确定原则。 在建筑的建设与使用过程中要根据建筑的高度或规模火灾 危险性及其扑救难易程度使用人员的特点等影响建筑消防安全 的主要因素有针对性地确定建筑的防火要求和实现这些要求的 方法措施
2,基本规定,2.1,目标与功能,2.1.2,建筑防火应达到下列目标要求: 续性,本条明确了建筑防火应达到的基本目标。这些目标源自 现行相关技术标准的规定是确定各类建筑防火技术方法和措施 的基础也是在建筑防火中采用新技术新材料新工艺和新方法 时的基本判定依据
2,基本规定,2.1,目标与功能,2.1.3,建筑防火应符合下列功能要求: 耐火时间内仍能正常发挥承载功能 需要的设施 蔓延至相邻建筑或建筑内的其他防火分隔区域 的要求,本条明确了保证建筑消防安全中建筑防火各系统需要具 备的基本功能
2,基本规定,2.1,目标与功能,2.1.4,在赛事、博览、避险、救灾及灾区生活过渡期间建设的临时 建筑或设施其规划设计施工和使用应符合消防安全要求 灾 区过渡安置房集中布置区域应按照不同功能区域分别单独划分防 火分隔区域 每个防火分隔区域的占地面积不应大于 2500m2且 周围应设置可供消防车通行的道路,赛事、博览等活动期间，人员密集，临时用电量大，要确保 相应建筑和设施在建造和使用各阶段的防火措施符合消防安全要 求地震洪灾等自然灾害后的过渡安置房应确保其在建设和使 用期的消防安全
2,基本规定,2.1,目标与功能,2.1.5,厂房内的生产工艺布置和生产过程控制，工艺装置、设备 与仪器仪表材料等的设计和设置应根据生产部位的火灾危险性 采取相应的防火防爆措施,本条规定了生产厂房中确保生产过程本质安全的防火、防 爆的原则要求  生产厂房的类别多生产设备和工艺布置以及生产过程中的 火灾危险性复杂生产过程的防火防爆安全与生产环境生产条 件和工艺过程相关 在厂房的建造和使用过程中应针对各自生 产工艺过程及其火灾危险性采取有针对性的预防抑制发生火灾 或爆炸的措施
2,基本规定,2.1,目标与功能,2.1.6,交通隧道的防火要求应根据其建设位置、封闭段的长度、 交通流量通行车辆的类型环境条件及附近消防站设置情况等因 素综合确定,本条规定了各类交通隧道工程的防火设防原则。 交通隧道因通风和出口受限致使疏散救援修复困难 隧 道的封闭段长度车流 量通行车辆类型和隧道建设位置的环境条 件等是影响交通隧道消防安 全的主要因素应在确定相应防火要 求时充分考虑
2,基本规定,2.1,目标与功能,2.1.7,建筑中有可燃气体、蒸气、粉尘、纤维爆炸危险性的场所或 部位应采取防止形成爆炸条件的措施当采用泄压减压结构抗 爆或防爆措施时应保证建筑的主要承重结构在燃烧爆炸产生的 压强作用下仍能发挥其承载功能,本条规定了爆炸危险性场所或部位防爆的基本方法及其 性能要求  有爆炸危险的场所或部位包括生产车间或厂房仓库以及其 他民用建筑中存在可燃 气体蒸气和粉尘等物质爆炸危险的部位 或房间等 本条规定主要针对建筑的防爆泄压对于建筑内的设 备和管道的泄压设置要求可以按照相应的工艺防爆要求确定
2,基本规定,2.1,目标与功能,2.1.8,在有可燃气体、蒸气、粉尘、纤维爆炸危险性的环境内，可 能产生静电的设备和管道均应具有防止发生静电或静电积累的 性能,本条规定了位于爆炸危险性场所内的设备和管道的基本 防爆性能要求 设置在各类建筑中具有可燃气体蒸气粉尘或纤维爆炸危险 性环境内的设备管道均应采取静电防护措施以消除其可能产生 的静电避免累积放电具体的静电防护措施要根据储罐设备和 管道所处环境及储罐所存物质管道输送介质等确定
2,基本规定,2.1,目标与功能,2.1.9,建筑中散发较空气轻的可燃气体、蒸气的场所或部位，应 采取防止可燃气体蒸气在室内积聚的措施散发较空气重的可燃 气体蒸气或有粉尘纤维爆炸危险性的场所或部位应符合下列 规定 楼地面面层应具有防止发生静电的性能 2散发可燃粉尘纤维场所的内表面应平整光滑易于 清扫 尘纤维在地沟内积聚并防止火灾通过地沟与相邻场所的连通处 蔓延,本条规定了爆炸危险性场所避免形成爆炸危险性条件的 性能要求 爆炸危险性场所或部位应根据爆炸危险性物质的特性如密 度点火能爆炸极限等在爆炸危险性环境内采取防止产生火或 静电禁止使用明火或高温表面防止可燃气体蒸气或粉尘等积 聚等预防性措施预防发生爆炸
2,基本规定,2.2,消防救援设施,2.2.1,建筑的消防救援设施应与建筑的高度(埋深)、进深、规模 等相适应并应满足消防救援的要求,本条明确了建筑消防救援设施及场地的基本功能要求。 尽管不同规模不同高度或埋深不同使用功能或不同类别火 灾危险性的建筑对灭火救援场地和消防救援设施等的需求不同 在不同位置建造的建筑和不同外观的建筑对消防救援设施的设置 有所影响但是每座地上和地下建筑都要充分考虑满足扑救建筑 火灾需要的消防救援设施及场地
2,基本规定,2.2,消防救援设施,2.2.2,在建筑与消防车登高操作场地相对应的范围内，应设置直 通室外的楼梯或直通楼梯间的入口,本条规定了便于消防救援人员进入建筑的人口设置要求， 适用于各类地上和地下建筑 建筑中直通室外的楼梯间出人口或消防专用入口是消防救 援人员进入建筑到达着火区的主要通道人口位置要便于消防救 援人员安全出入建筑
2,基本规定,2.2,消防救援设施,2.2.3,除有特殊要求的建筑和甲类厂房可不设置消防救援口外， 在建筑的外墙上应设置便于消防救援人员出人的消防救援口并 应符合下列规定 置的消防救援口不应少于 2个 第三层起每层设置消防救援口 门时净宽度不应小于 0.8m 时应选用安全玻璃 标志,本条规定了消防救援口的基本设置要求。 消防救援口要结合楼层走道两侧或端部外墙上的开口及避难 层或避难间以及救援场地在外墙上选择合适的位置设置确保具 有外墙的每个防火分区均设置不少于 2个消防救援口消防救援 口可以利用符合要求的外窗或门 本条规定的元外窗的建筑是指建筑外墙上未设置外窗或外 窗开口大小不符合消防救援窗要求包括部分楼层无外窗或全部 楼层元外窗的建筑有外窗的建筑是指建筑各层均设置外窗且 第一层和第二层的外窗开口大小符合消防救援要求的建筑
2,基本规定,2.2,消防救援设施,2.2.4,设置机械加压送风系统并靠外墙或可直通屋面的封闭楼 梯间防烟楼梯间在楼梯间的顶部或最上一层外墙上应设置常闭 式应急排烟窗且该应急排烟窗应具有手动和联动开启功能,本条规定了楼梯间设置应急排烟窗的基本要求，以防止烟 气在楼梯间内积聚保证消防救援人员的安全 满足自然通风排 烟条件的楼梯间可以利用既有外窗不需要设置专门的应急排烟 窗应急排烟窗的开口大小等技术要求按照相应消防技术标准 的要求确定
2,基本规定,2.2,消防救援设施,2.2.5,除有特殊功能、性能要求或火灾发展缓慢的场所可不在外 墙或屋顶设置应急排烟排热设施外下列元可开启外窗的地上建 筑或部位均应在其每层外墙和(或)屋顶上设置应急排烟排热设 施且该应急排烟排热设施应具有手动联动或依靠烟气温度等方 式自动开启的功能 厅多功能厅宴会厅以及这些建筑中长度大于 60m的走道 间和走道,本条规定了建筑设置应急排烟排热设施的基本范围，以保 证建筑内的排烟系统在失效情况下能及时排出火灾的烟气和热便于 消防救援行动 对于一些特殊的建筑可以不设置应急排烟排热 设施
2,基本规定,2.2,消防救援设施,2.2.6,除城市综合管廊、交通隧道和室内无车道且元人员停留的 机械式汽车库可不设置消防电梯外下列建筑均应设置消防电梯 且每个防火分区可供使用的消防电梯不应少于 1部 筑内第五层及以上楼层)的老年人照料设施 建筑 的地下或半地下建筑(室),本条确定了建筑设置消防电梯的基本要求。 在建筑内设置消防电梯有利于提高消防救援人员的战斗力和 灭火救援效果 基于一座建筑同一时间同时发生一次火灾本条规 定要求建筑中每个防火分区应至少具有 1部消防电梯可供使用并 且为提高消防电梯在救援使用时的安全性每个防火分区应尽量独 立设置至少 1部消防电梯防火分区未独立设置消防电梯时应采 取确保安全使用共用的消防电梯的措施 对于规模较大或复杂的 建筑当按照同一时间同时发生多次火灾考虑时应提高相应的设 防要求  本条第 6款规定的地下或半地下建筑(室)包括平时使用的人 民防空工程地下汽车库地下和半地下工业与民用建筑以及工业与 民用建筑的地下半地下室  本规范规定的老年人照料设施均指床位总数大于或等于 20 床的老年人全日照料设施可容纳的老年人总数大于或等于 20人 的老年人日间照料设施不包括床位总数少于 20床的老年人全日 照料设施可容纳的老年人总数少于 20人的老年人日间照料设施
2,基本规定,2.2,消防救援设施,2.2.7,埋深大于15m的地铁车站公共区应设置消防专用通道。 nan,本条规定了地铁车站公共区有关消防救援通道的基本设 置要求 有关通道或出入口的技术要求可以按照相应的工程建 设技术标准确定  消防专用通道或应急出人口是供消防救援人员迅速进入建筑 特别是进入地下建筑进行消防救援的专用通道应满足在灭火救援 过程中便于消防救援人员在背负救援装备的情况下快速安全进出 的要求并具有 一定的防烟防火性能如应急出入口的直径(或边 长)不小于1. 0m出入地面的盖板等便于消防救援人员开启
2,基本规定,2.2,消防救援设施,2.2.8,除仓库连廊、冷库穿堂和筒仓工作塔内的消防电梯可不设 置前室外其他建筑内的消防电梯均应设置前室消防电梯的前 室应符合下列规定 相邻区域之间应采取防火分隔措施 符合本规范第 7.1.8条的规定前室的短边不应小于 2.4m  的防火隔墙与其他部位分隔除兼作消防电梯的货梯前室元法设 置防火门的开口可采用防火卷帘分隔外不应采用防火卷帘或防 火玻璃墙等方式替代防火隔墙,本条规定了消防电梯前室的基本要求。 消防电梯前室应能保证消防救援人员安全使用修整和进行 灭火救援准备以及满足救助人员的要求应具备足够的防烟防 火性能面积和满足救援要求的尺寸
2,基本规定,2.2,消防救援设施,2.2.9,消防电梯井和机房应采用耐火极限不低于2.00h且无开 口的防火隔墙与相邻井道机房及其他房间分隔消防电梯的井 底应设置排水设施排水井的容量不应小于 2m3排水泵的排水量 不应小于 10Ls,本条规定了保证消防电梯安全使用的基本要求，以确保消 防电梯在火灾时能安全可靠运行  消防电梯的梯井之间消防电梯的梯井与非消防电梯的梯井 之间消防电梯机房之间消防电梯机房与非消防电梯机房之间均 应相互分隔以确保每部消防电梯均能独立工作不受其他电梯或 电梯机房事故或火灾的影响 机房上设置的连通门应为甲级防火 门机房直通屋面的门的耐火性能视具体情况而定并可以按照国 家相关标准的要求确定
2,基本规定,2.2,消防救援设施,2.2.10,消防电梯应符合下列规定: 外壳防水性能等级不应低于 IPX5 援人员专用的操作按钮 的终端设备,本条规定了消防电梯为满足救援需要应具备的基本性能。 消防电梯应能满足 一个消防战斗班全员配备装备后使用电梯 的需要并能在发生火灾时受消防救援人员的控制具有足够的防 火防水等性能能够在发生火灾时正常安全运行 多种功能组 合的建筑可以根据不同部位的防火要求按照实际所需服务的区 域确定电梯的停靠楼层一般应每层停靠
2,基本规定,2.2,消防救援设施,2.2.11,建筑高度大于250m的工业与民用建筑，应在屋顶设置 直升机停机坪,",2.2.12这两条规定了需设置屋顶直升机停机坪的建筑 及其基本设置要求  屋顶直升机停机坪属于静态型高架直升机场 直升机停机坪 可以直接设置在屋面上也可以利用在屋顶架空的平台 为确保 直升机安全起降停机坪的场地大小应根据当地空中救援力量或 规划的直升机机型确定场地周围应设置保障直升机安全起降和 灭火与降烟等防护设施"
2,基本规定,2.2,消防救援设施,2.2.12,屋顶直升机停机坪的尺寸和面积应满足直升机安全起降 和救助的要求并应符合下列规定,
2,基本规定,2.2,消防救援设施,2.2.13,供直升机救助使用的设施应避免火灾或高温烟气的直接 作用其结构承载力设备与结构的连接应满足设计允许的人数停 留和该地区最大风速作用的要求,本条规定了供直升机救助使用的设施的主要性能要求。 供直升机救助使用的设施的设置要尽 量避免直升机在救援时 受到火灾或高温烟气的侵害 供直升机救助使用的设施主要用于 消防救援人员和被救助人员的停留应根据救助设施的安全停留 面积和设计允许停留人数要求设置
2,基本规定,2.2,消防救援设施,2.2.14,消防通信指挥系统应具有下列基本功能: 险化学品泄漏道路交通事故地震及其次生灾害建筑胡塌重大 安全生产事故空难爆炸及恐怖事件和群众遇险事件等灾害事故 报警,本条规定了消防通信指挥系统的基本功能。 消防通信指挥系统是全国各级消防救援指挥中心实施减少火 灾危害应急抢险救援保护人身财产安全维护公共安全的业务 信息系统本条规定的功能是消防救援指挥中心的主要业务职能
2,基本规定,2.2,消防救援设施,2.2.15,消防通信指挥系统的主要性能应符合下列规定: 钟同步 化学品泄漏道路交通事故地震及其次生灾害建筑拥塌重大安 全生产事故空难爆炸及恐怖事件和群众遇险事件等灾害事故 报警 学品泄漏道路交通事故地震及其次生灾害建筑胡塌重大安全 生产事故空难爆炸及恐怖事件和群众遇险事件等灾害事故进行 灭火救援调度指挥 令的时间不应大于 45s,本条规定了消防通信指挥系统的主要性能要求。 火警受理灭火救援指挥调度火场及其他灾害事故现场指挥 是实时性极强的消防业务工作系统记录的报警时间出动时间 到场时间出水时间控制时间结束时间等将作为火灾及其他灾 害事故调查认定的证据发生火灾及其他灾害事故时城市消防 救援指挥中心快速反应在第一时间调派消防力量到灾害现场处 置是最大限度减少人身财产损失的关键环节各城市消防通信 指挥系统的接处警席位和接处警通信线路的配置数量应根据城 市的规模最大火警日呼人数量最大火警呼入峰值等参数合理配 置并留有余量
2,基本规定,2.2,消防救援设施,2.2.16,消防通信指挥系统的运行安全应符合下列规定: 畅通 急接警电话线路或设备接警,本条规定了保证消防通信指挥系统运行安全的基本要求。 消防通信指挥系统应具有必要的故障应急措施保证火警受 理调度指挥通信不间断如出现故障将丧失其基本功能不能达 到其主要性能要求因此需要其中某个子系统瘫痪的设备或设备 的核心部件作备份 用于支持火警受理调度指挥现场指挥的计 算机通信网有线通信网元线通信网卫星通信网等消防指挥通 信网络应相对独立与非消防指挥通信网络之间连接应有边界安 全措施消防通信指挥系统与其他应用系统共用通信网络时应 保证必需的通信线路(信道)和信息传输速率指挥通信网络必须 保证常年畅通
3,建筑总平面布局,3.1,一般规定,3.1.1,建筑的总平面布局应符合减小火灾危害、方便消防救援的 要求,本条规定了建筑总平面布局中有关消防安全的基本要求。 在建筑的总平面布局中应根据建筑的使用性质使用需要与 规模火灾危险性等合理确定建筑的方位建筑间的相互关系与间 距消防车道与内外部道路消防水源等减小拟建建筑和周围建 (构)筑物火灾的相互作用防止引发次生灾害并为消防救援提供 便利条件
3,建筑总平面布局,3.1,一般规定,3.1.2,工业与民用建筑应根据建筑使用性质、建筑高度、耐火等 级及火灾危险性等合理确定防火间距建筑之间的防火间距应保 证任意一侧建筑外墙受到的相邻建筑火灾辐射热强度均低于其临 界引燃辐射热强度,本条规定了建筑物之间防火间距的确定原则和防火间距 应满足的性能要求 建筑物之间的防火间距要根据建筑的耐火等级外墙的耐火 性能与防火构造建筑的高度与火灾危险性建筑外部的消防救援 条件等影响防火间距的主要因素按照防止相邻建筑发生火灾后 相互蔓延和方便消防救援的原则确定 各类建筑的防火间距应符合本规范的规定本规范未作规定 者应按照本条规定的性能要求确定当国家现行相关技术标准有 明确要求时可以按照相应标准的规定确定
3,建筑总平面布局,3.1,一般规定,3.1.3,甲、乙类物品运输车的汽车库、修车库、停车场与人员密集 场所的防火间距不应小于 50m与其他民用建筑的防火间距不应 小于25m甲类物品运输车的汽车库修车库停车场与明火或散 发火花地点的防火间距不应小于 30m,本条规定了甲、乙类物品运输车的汽车库、修车库和停车 场与其他建筑之间的最小防火间距 甲乙类物品运输车的汽车库修车库参照甲类厂房确定了相 应的防火间距因此本规范以及国家现行相关技术标准未明确规 定者可以依据此原则确定相应的防火间距甲乙类物品运输车 的汽车库修车库之间其他汽车库修车库之间以及其他汽车库 修车库与非汽车库修车库建筑的防火间距可以按照现行国家标 准汽车库修车库停车场设计防火规范 ))GB50067的规定确定
3,建筑总平面布局,3.2,工业建筑,3.2.1,甲类厂房与人员密集场所的防火间距不应小于50m，与明 火或散发火花地点的防火间距不应小于 30m,本条规定了甲类厂房与人员密集场所、明火或散发火花地 点的最小防火间距  甲类厂房的火灾危险性大大多数火灾事故以爆炸为主破坏 性大且甲类生产涉及行业多 在确定甲类厂房与人员密集场所 明火或散发火花地点的防火间距时除应符合本规范规定的基本 要求外还应符合相关专门技术标准的规定有关生产的火灾危 险性分类可以按照现行国家标准 建筑设计防火规范 ))GB50016 等标准的规定确定
3,建筑总平面布局,3.2,工业建筑,3.2.2,甲类仓库与高层民用建筑和设置人员密集场所的民用建筑 的防火间距不应小于 50m甲类仓库之间的防火间距不应小于 20m,本条规定了甲类仓库之间、甲类仓库与高层民用建筑和设 置人员密集场所的民用建筑的最小防火间距  甲类仓库着火或爆炸时的影响范围取决于所存放物品的数 量性质和仓库规模等其中储存量大小是决定其危害性的主要因 素在确定相关间距时还要根据实际情况增大 有关储存物品 的火灾危险性分类可以按照现行国家标准 建筑设计防火规范  GB 50016等标准的规定确定
3,建筑总平面布局,3.2,工业建筑,3.2.3,除乙类第5项、第6项物品仓库外，乙类仓库与高层民用建 筑和设置人员密集场所的其他民用建筑的防火间距不应小于 50m,本条规定了乙类仓库与人员密集场所的最小防火间距。 乙类火灾危险性的物品的火灾事故也大多以爆炸为主与甲 类仓库的爆炸危害性相当 乙类第 5项为易燃气体第 6项主要 为桐油漆布及其制品油纸油绸及其制品浸油的豆饼浸油金属 屑等在常温下与空气接触能够缓慢氧化因蓄热不散发会引起自 燃但不会发生爆燃或爆炸的物品
3,建筑总平面布局,3.2,工业建筑,3.2.4,飞机库与甲类仓库的防火间距不应小于20m。飞机库与 喷漆机库贴邻建造时应采用防火墙分隔,本条规定了飞机库与甲类仓库的防火间距。 喷漆机库与飞机库之间一般应保持不小于 15.0m的间距 当实 际需要飞机库与喷漆机库贴邻建造时要采用防火墙分隔防火墙上 的连通门应为甲级防火门或耐火极限不低于 3.00h的防火卷帘门
3,建筑总平面布局,3.3,民用建筑,3.3.1,除裙房与相邻建筑的防火间距可按单、多层建筑确定外， 建筑高度大于 100m的民用建筑与相邻建筑的防火间距应符合下 列规定 于9m 于11m 火间距不应小于 14m,本条规定了建筑高度大于100m的民用建筑与相邻各类 民用建筑之间的最小防火间距  建筑高度大于 100m的民用建筑在发生火灾后建筑周边需 要较开阔的场地以保证灭火救援和人员疏散的需要除建筑高度 大于100m的民用建筑外其他民用建筑之间其他民用建筑与工 业建筑等建筑之间的防火间距应根据建筑耐火等级建筑高度和 火灾危险性等因素按照本规范第 3.1. 2条规定的原则和性能要 求及国家现行相关技术标准的要求确定
3,建筑总平面布局,3.3,民用建筑,3.3.2,相邻两座通过连廊、天桥或下部建筑物等连接的建筑，防 火间距应按照两座独立建筑确定,本条规定了利用连廊、天桥等连接的两座民用建筑之间的 防火间距确定原则 连接两座民用建筑的连廊天桥应仅具有人员通行的功能包 括敞开半敞开封闭的连廊和天桥 通过下部建筑物连接的建筑 具有共同的裙楼而上部的塔楼各自独立
3,建筑总平面布局,3.4,消防车道与消防车登高操作场地,3.4.1,工业与民用建筑周围、工厂厂区内、仓库库区内、城市轨道 交通的车辆基地内其他地下工程的地面出入口附近均应设置可 通行消防车并与外部公路或街道连通的道路,本条规定了建筑和厂区、库区等设置消防车道的基本要求。 任何一座建筑周围均应提供保障消防车接近并能够展开消防 救援的场地条件 供消防车通行或扑救的道路或场地可以利用 城镇市政道路厂区库区和乡村内的其他道路以及公共用地等  工厂厂区或仓库库区以及大型车辆基地内需要设置连接各建筑物 消防车道且与外部道路连通的道路以保证消防车快速到达火场
3,建筑总平面布局,3.4,消防车道与消防车登高操作场地,3.4.2,下列建筑应至少沿建筑的两条长边设置消防车道: 厂房,、3.4.3这两条规定了应至少沿建筑的两条长边设置消防 车道的建筑范围以及设置 1条消防车道的条件 其他建筑可以根 据实际情况从满足灭火救援需要出发按照国家现行相关技术标 准的要求设置消防车道或满足消防车通行要求的道路
3,建筑总平面布局,3.4,消防车道与消防车登高操作场地,3.4.3,除受环境地理条件限制只能设置1条消防车道的公共建 筑外其他高层公共建筑和占地面积大于 3000旷的其他单多层 公共建筑应至少沿建筑的两条长边设置消防车道住宅建筑应至 少沿建筑的一条长边设置消防车道当建筑仅设置 1条消防车道 时该消防车道应位于建筑的消防车登高操作场地一侧,
3,建筑总平面布局,3.4,消防车道与消防车登高操作场地,3.4.4,供消防车取水的天然水源和消防水池应设置消防车道，天 然水源和消防水池的最低水位应满足消防车可靠取水的要求,本条规定了消防水源周围的消防车道设置要求，以保障消 防车安全取水和有效利用水源  规划和设计用于供消防车取水的消防水池天然水源(包括江河 湖泊水渠水库水塘水井等) 均要设置便于消防车接近并安全取 水的道路和场地水源的最低水位应满足消防车有效吸水高度的要求
3,建筑总平面布局,3.4,消防车道与消防车登高操作场地,3.4.5,消防车道或兼作消防车道的道路应符合下列规定: 要求 车满载时压力的要求 10 兼作消防救援场地的消防车道坡度尚应满足消防车停靠和 消防救援作业的要求 的要求位于建筑消防扑救面一侧兼作消防救援场地的消防车道 应满足消防救援作业的要求 要求的场地或道路 的障碍物不应有影响消防车安全作业的架空高压电线,本条规定了用于消防车通行的道路的基本性能要求。 特殊消防车通行道路的要求及本条未明确的消防车道的其他 性能要求应符合国家现行相关技术标准的规定和当地消防救援 机构的要求  用于通行消防车的道路的净宽度净高度转弯半径和路面的 承载能力要根据需要通行的消防车的基本参数确定对于需要利 用消防车道作为救援场地时道路与建筑外墙的距离扑救范围内 的空间还应满足方便消防车安全救援作业的要求
3,建筑总平面布局,3.4,消防车道与消防车登高操作场地,3.4.6,高层建筑应至少沿其一条长边设置消防车登高操作场地。 未连续布置的消防车登高操作场地应保证消防车的救援作业范 围能覆盖该建筑的全部消防扑救面,本条规定了高层工业与民用建筑设置消防车登高操作地 的基本要求  任何建筑在建设时均应充分考虑消防车到场开展消防救援的 需要使建筑周围具有必要的开阔场地具备与建筑高度规模和 火灾危险性相适应的消防救援条件 在建筑使用时要保证这些 场地不会被占用 消防车登高操作场地对于保障消防车到场后迅 速对高层建筑展开消防救援行动发挥重要作用其布置应结合建 筑的外形和立面建筑的高度等情况确定
3,建筑总平面布局,3.4,消防车道与消防车登高操作场地,3.4.7,消防车登高操作场地应符合下列规定: 消防车操作的障碍物或影响消防车作业的架空高压电线 车满载时压力的要求 要求,本条规定了消防车登高救援场地的基本性能要求。 有关消防车登高救援场地的其他性能要求可以根据国家现 行相关技术标准的规定确定 当消防车登高操作场地利用建筑屋 顶或高架桥等场地时应注意校核其下部承重结构的承载力并设 置保障消防车对建筑实施灭火救援的设施
4,建筑平面布置与防火分隔,4.1,一般规定,4.1.1,建筑的平面布置应便于建筑发生火灾时的人员疏散和避 难有利于减小火灾危害控制火势和烟气蔓延 同一建筑内的不 同使用功能区域之间应进行防火分隔,本条规定了建筑平面布置的基本原则。 建筑中不同功能区域内的用途多样不同功能或用途区域的 火灾危险性使用人数及人员特性各异 建筑内部应根据便于人 员安全疏散与避难有利于防止火灾和烟气在建筑内部蔓延扩大 为原则合理布置和分隔
4,建筑平面布置与防火分隔,4.1,一般规定,4.1.2,工业与民用建筑、地铁车站、平时使用的人民防空工程应 综合其高度(埋深)使用功能和火灾危险性等因素根据有利于消 防救援控制火灾及降低火灾危害的原则划分防火分区 防火分 区的划分应符合下列规定 保证火灾不会蔓延至相邻防火分区 楼梯间的建筑外防火分区的建筑面积应按上下楼层中在火灾时 未封闭的开口所连通区域的建筑面积之和计算 隔时裙房的防火分区应按高层建筑主体的相应要求划分 击场的靶道面积污水沉降池面积开敞式的外走廊或阳台面积等 可不计入防火分区的建筑面积外其他建筑面积均应计入所在防 火分区的建筑面积,本条规定了各类工业与民用建筑、平时使用的人民防空工 程地铁车站等建筑划分防火分区的原则 交通隧道的车行区地 铁的区间隧道和车站轨行区可以不划分防火分区 建筑内划分防火分区主要是为了有效控制火灾和减少火灾危 害房屋建筑一般应利用楼板在建筑物的垂直方向按照楼层划分 防火分区利用防火墙等对建筑物的各个楼层在水平方向按照一 定建筑面积划分防火分区 无论何种划分方式均需要控制一个 防火分区的建筑面积一旦发生火灾能使其损失和危害可以被社 会和公众接受影响防火分区面积及其火灾危害的主要因素有 建筑的使用功能火灾危险性重要性设防标准和外部消防救援 响应能力等 建筑内不能封闭的上下楼层连通开口会破坏建筑竖向防火 分区的完整性需要将与这些开口连通的区域的面积叠加计算并 按照不大于相应 一个防火分区的最大允许建筑面积要求分隔 不 同建筑中每个防火分区的最大允许建筑面积可以按照国家现行 相关技术标准的要求确定
4,建筑平面布置与防火分隔,4.1,一般规定,4.1.3,下列场所应采用防火门、防火窗、耐火极限不低于2.00h 的防火隔墙和耐火极限不低于1. 00h的楼板与其他区域分隔 密医疗装备用房储藏间实验室胶片室等 定消防控制室的防火分隔应符合本规范第 4.1.8条的规定外其 他消防设备或器材用房,本条规定了建筑内需防火分隔的基本场所。 本条规定的场所或部位均需要采用防火隔墙与相邻场所或部 位分隔 除本条和本规范其他条文有明确规定外的其他场所或部 位的防火分隔可以根据国家现行相关技术标准的规定确定
4,建筑平面布置与防火分隔,4.1,一般规定,4.1.4,燃油或燃气锅炉、可燃油油浸变压器、充有可燃油的高压 电容器和多油开关柴油发电机房等独立建造的设备用房与民用 建筑贴邻时应采用防火墙分隔且不应贴邻建筑中人员密集的场 所上述设备用房附设在建筑内时应符合下列规定 防止设备用房的爆炸作用危及上 一层下一层或相邻场所的措施 火极限不低于1. 50h的不燃性楼板与其他部位分隔防火隔墙上 的门窗应为甲级防火门窗,-4.1.6这三条规定了燃油或燃气锅炉房、可燃油油浸变 压器室充有可燃油的高压电容器室多油开关室柴油发电机房 等具有较高火灾危险性场所的基本防火要求  尽管锅炉房可以参照丁类厂房油浸变压器等可以按照丙类 或丁类厂房考虑相应的防火要求但这些场所仍具有 定的火灾 和爆炸危险性应尽量独立建造且不与其他建筑贴邻 当受条件 限制需与其他建筑贴邻时需视贴邻部位的具体情况和这些设备 房的实际火灾和爆炸危险性采用抗爆墙防爆墙或防火墙分隔并 应避开会议室多功能厅餐厅营业厅教室等人员聚集的场所 当受条件限制需布置在建筑内时应按本条要求采取相应的防火 措施且不允许设置在建筑中人员聚集的场所的上面下面或 贴邻 在建筑内设置的储油罐尽管本条规定可以按照单间储油间 内的总储油量控制其储量但当各单间储油间的全部储油量较大 时仍需集中设置在建筑外 可燃油油浸变压器存在爆炸和形成流淌火蔓延的危险性设 置在建筑内的油浸变压器室既要做好防火分隔与流散油的收集措 施又要限制充油量大的变压器附设在建筑内干式或充装其他 非可燃液体的变压器火灾危险性小但工作时易升温仍存在一定 的火灾危险性应设置在专用房间内并使之具有良好的通风条件 或采取相应的散热措施
4,建筑平面布置与防火分隔,4.1,一般规定,4.1.5,附设在建筑内的燃油或燃气锅炉房、柴油发电机房，除应 符合本规范第 4.1.4条的规定外尚应符合下列规定 于屋顶的常(负)压燃气锅炉房与通向屋面的安全出口的最小水平 距离不应小于 6m其他燃油或燃气锅炉房应位于建筑首层的靠外 墙部位或地下一层的靠外侧部位不应贴邻消防救援专用出人口 疏散楼梯(间)或人员的主要疏散通道  通气管设置应满足防火要求油箱的下部应设置防止油品流散的 设施 储油间应采用耐火极限不低于 3.00h的防火隔墙与发电机 间锅炉间分隔  气线路等不应穿过储油间  具有自动和手动关闭功能的切断阀,
4,建筑平面布置与防火分隔,4.1,一般规定,4.1.6,附设在建筑内的可燃油油浸变压器、充有可燃油的高压电 容器和多油开关等的设备用房除应符合本规范第 4.1.4条的规 定外尚应符合下列规定 油品流散的设施 及以下楼层 火极限不低于 2.00h的防火隔墙分隔,
4,建筑平面布置与防火分隔,4.1,一般规定,4.1.7,消防水泵房的布置和防火分隔应符合下列规定: 极限不低于 2.00h的防火隔墙和耐火极限不低于1. 50h的楼板与 其他部位分隔 水泵房可根据工程要求确定其设置楼层外其他建筑中的消防水 泵房不应设置在建筑的地下三层及以下楼层 C,、4.1.8这两条规定了消防水泵房和消防控制室的基本防 火要求  消防控制室是建筑物内防火灭火设施的显示控制中心必 须确保其在发生火灾时不会受到火势和高温的作用而中断正常运 行不会因火灾而影响相关应急人员安全进出 消防水泵房是保 障建筑消防供水的重要场所需保证泵房内部设备在火灾延续时 间内仍能正常 工作应确保水泵房内的设备和需进入泵房内的操 作人员不会受到火灾的威胁 在平时和建筑发生火灾时应保证 消防水泵消防控制室及其控制装置正常运行  本规范规定的埋深是指室内地面与室外出入口地坪的高 差疏散门应直通室外要求进出相应房间不需要经过其他房间 或使用区域就可以直接到达建筑外疏散门应直通安全出口要 求相应房间的疏散门可以经疏散走道直接到达疏散楼梯间的楼层 入口或直通室外的门口不需要经过其他场所或区域
4,建筑平面布置与防火分隔,4.1,一般规定,4.1.8,消防控制室的布置和防火分隔应符合下列规定: 极限不低于 2.00h的防火隔墙和耐火极限不低于1. 50h的楼板与 其他部位分隔 室外或安全出口 灾报警与控制设备的正常运行,
4,建筑平面布置与防火分隔,4.1,一般规定,4.1.9,汽车库不应与甲、乙类生产场所或库房贴邻或组合建造。 nan,本条规定了汽车库布置的基本要求。除本规范第3.1.3 条的规定外本条不严格限制汽车库与丙丁戊类工业建筑民用 建筑的组合或贴邻
4,建筑平面布置与防火分隔,4.2,工业建筑,4.2.1,除特殊工艺要求外，下列场所不应设置在地下或半地下: nan,本条规定限制了在地下或半地下设置甲、乙类工业场所， 以控制和减少爆炸危险性生产和储存场所的火灾与爆炸危害这 些场所包括氧气等本身不具备爆炸危险性的助燃气体生产与储存 场所特殊工艺要求主要是指在生产装置或设备因工艺需要 必须布置在地下或半地下的情形如不这样做将元法满足正常生 产需要但应经专项论证确定相应的防火技术措施和要求本条 第2款主要指有粉尘爆炸危险生产场所的滤尘设备间
4,建筑平面布置与防火分隔,4.2,工业建筑,4.2.2,厂房内不应设置宿舍。直接服务于生产的办公室、休息室 等辅助用房的设置应符合下列规定 级并应采用耐火极限不低于 3.00h的抗爆墙与厂房中有爆炸危 险的区域分隔安全出口应独立设置 火极限不低于 2.00h的防火隔墙和耐火极限不低于1. 00h的楼板 与厂房内的其他部位分隔并应设置至少 1个独立的安全出口,本条规定了在生产厂房内布置其他非生产性场所的基本 防火要求 宿舍是服务于员工的生活保障性用房不属于必须在厂房内 设置的辅助性生产用房不应设置在厂房内 甲乙类厂房生产过程的火灾危险性大大多以爆炸为主且 爆炸产生的冲击波危害性大应严格控制在此类建筑内设置非必 须的生产性辅助用房这些用房确因条件限制需要贴邻设置时 应采用能够抵御相应爆炸作用的墙体分隔抗爆墙的抗爆和耐火 性能应综合考虑生产部位可能产生的爆炸超压值泄压面积大小 等因素确定
4,建筑平面布置与防火分隔,4.2,工业建筑,4.2.3,设置在厂房内的甲、乙、丙类中间仓库，应采用防火墙和耐 火极限不低于1. 50h的不燃性楼板与其他部位分隔,本条规定了厂房内设置甲、乙、丙类中间仓库的基本防火 要求以防止火灾危险性大的甲乙丙类库房发生火灾或爆炸事 故对生产厂房及生产过程造成更大破坏 本条规定中的中间仓库是为满足厂房内正常连续生产需 要在厂房内存放原材料或连接上下工序的半成品辅助材料及成 品的周转库房 中间仓库的面积耐火等级等其他设置要求可以按照国家现 行相关技术标准的规定确定
4,建筑平面布置与防火分隔,4.2,工业建筑,4.2.4,与甲、乙类厂房贴邻并供该甲、乙类厂房专用的l0kV及 以下的变(配)电站应采用元开口的防火墙或抗爆墙一面贴邻与 乙类厂房贴邻的防火墙上的开口应为甲级防火窗其他变(配)电 站应设置在甲乙类厂房以及爆炸危险性区域外不应与甲乙类 厂房贴邻,本条规定了服务于甲、乙类厂房的变(配)电站布置的基本 防火要求  本条规定主要为防止变(配)电站火灾引发相邻的甲乙类生产 厂房产生更大的次生灾害 专门服务于相邻甲乙类厂房的 l0kV 及以下的变(配)电站允许在甲类厂房外一面贴邻厂房建造但防 火墙上不允许有任何开口对于乙类厂房允许在该防火墙上设置 便于观察设备仪表运转等情况的甲级防火窗不允许设置连通门 及其他开口 其他规模的变(配)电站均应在甲乙类厂房外独立建 造且防火间距应符合本规范及国家现行相关技术标准的规定
4,建筑平面布置与防火分隔,4.2,工业建筑,4.2.5,甲、乙类仓库和储存丙类可燃液体的仓库应为单、多层建筑。 nan,本条规定了限制了甲、乙类物品和丙类可燃液体仓库的层 数和建筑高度以便开展灭火救援和降低火灾或爆炸危害
4,建筑平面布置与防火分隔,4.2,工业建筑,4.2.6,仓库内的防火分区或库房之间应采用防火墙分隔，甲、乙类 库房内的防火分区或库房之间应采用无任何开口的防火墙分隔,本条规定了各类仓库中防火分区之间防火分隔的基本要 求以提高防火分隔的可靠性有效控制火灾的蔓延  在丙丁戊类仓库内不限制在防火分区之间的防火墙上设 置满足内部物流和人员通行等需要的开口但要严格限制开口的 大小和数 量且这些开口应尽量采用防火门分隔以确保防火分区 之间防火分隔的有效性和可靠性
4,建筑平面布置与防火分隔,4.2,工业建筑,4.2.7,仓库内不应设置员工宿舍及与库房运行、管理元直接关系 的其他用房 甲乙类仓库内不应设置办公室休息室等辅助用 房不应与办公室休息室等辅助用房及其他场所贴邻 丙丁类 仓库内的办公室休息室等辅助用房应采用防火门防火窗耐火 极限不低于 2.00h的防火隔墙和耐火极限不低于1. 00h的楼板与 其他部位分隔并应设置独立的安全出口,本条规定了在库房内布置其他仓储辅助用房的基本防火要 求允许在仓库建筑内设置的办公室和休息室等辅助用房应是为方 便日常管理必需的用房如监控室出入库管理室工作人员临时休息 室卫生间等  服务于甲乙类仓库的办公室与休息室等辅助用房应在甲 乙类仓库外独立设置 服务于丙丁类仓库的办公室与休息室等 辅助用房应与储存物品的库房或区域完全分隔并应设置直通室 外的独立安全出口相互间的连通门应为甲级或乙级防火门 防 火门的耐火等级要求见本规范第 6.4节
4,建筑平面布置与防火分隔,4.2,工业建筑,4.2.8,使用和生产甲、乙、丙类液体的场所中，管、沟不应与相邻 建筑或场所的管沟相通下水道应采取防止含可燃液体的污水流 入的措施,本条规定主要针对存在可燃液体流散的场所，以防止流散 的可燃液体将火灾和爆炸危险性经管沟流入或传导至相邻建筑或 场所防止可燃液体经下水道进入市政污水处理系统或自然水体 避免留下火灾隐患污染环境
4,建筑平面布置与防火分隔,4.3,民用建筑,4.3.1,民用建筑内不应设置经营、存放或使用甲、乙类火灾危险 性物品的商店作坊或储藏间等 民用建筑内除可设置为满足建 筑使用功能的附属库房外不应设置生产场所或其他库房不应与 工业建筑组合建造,本条规定民用建筑不允许与仓库、生产场所组合建造，不 允许设置经营制作与储存甲乙类火灾危险性物品的场所以减 少火灾危害  本条规定不包括独立设置并经营存放或使用甲乙类火灾危 险性物品的建筑不包括直接为民用建筑使用功能服务在整座建 筑中所占面积比例较小且内部采取了一定防火分隔措施的库房 如建筑中的自用物品暂存库房档案室和资料室等附属库房
4,建筑平面布置与防火分隔,4.3,民用建筑,4.3.2,住宅与非住宅功能合建的建筑应符合下列规定: 用耐火极限不低于 2.00h且元开口的防火隔墙和耐火极限不低 于2.00h的不燃性楼板完全分隔  立设置  梯地下车库的疏散楼梯间应按本规范第 7.1. 10条的规定分隔  造的应符合下列规定 1)商业设施中每个独 立单元之间应采用耐火极限不低于2h且无开口的防火隔墙分隔; 2)每个独立单元的层数不应大予 2层且 2层的总建筑面 积不应大于 300m2  3)每个独立单元中建筑面积大于 200旷的任一楼层均应设 置至少 2个疏散出口,本条规定了住宅与商业设施等其他非住宅功能组合建造 时的防火分隔与布置要求  住宅建筑的设防标准与其他民用建筑有一定差别一般要求 住宅建筑独立建造 当住宅与商业设施办公或其他非住宅功能 场所组合在同一座建筑内时需在水平方向和竖向采取防火分隔 措施相互分隔并使各自的疏散设施独立互不连通  本条规定的商业设施包括各类经营性商业场所 住宅与不 符合本条第 4款规定的商业设施或其他非住宅功能合建时除应符 合本条规定外不同功能部分的设防标准应分别按照各自的建筑高 度确定并应符合现行国家标准 建筑设计防火规范 ))GB50016等标 准的规定
4,建筑平面布置与防火分隔,4.3,民用建筑,4.3.3,商店营业厅、公共展览厅等的布置应符合下列规定: 楼层,-4.3.7这五条分别规定了商店营业厅和公共展览厅等人 员聚集的场所儿童活动场所老年人照料设施医疗建筑中住院 病房和歌舞娱乐放映游艺场所布置在除木结构建筑外的其他结构 类型建筑内的楼层位 置要求以保证人员疏散安全和便于消防 救援  本规范规定的儿 童活动场所 是指供 12周岁及以下婴幼儿和 少儿活动的场所包括幼儿园托儿所中供婴幼儿生活和活动的房 间设置在建筑内的儿童游乐厅儿童乐园儿童培训班早教中心等 儿童游乐学习和培训等活动的场所不包括小学学校的教室等教学 场所 有关幼儿园托儿所中的婴幼儿用房的布置楼层位置要求还 需根据国家现行相关技术标准的规定确定  本规范规定的老年人照料设施是指床位总数或可容纳老年 人总数大于或等于 20床(人)为老年人提供集中照料服务的公共 建筑包括老年人全日照料设施和老年人日间照料设施不包括其 他专供老年人使用非集中照料的设施或场所 老年人照料设施 中的老年人公共活动用房是指用于老年人集中休闲娱乐健身 等用途的房间如公共休息室阅览或网络室棋牌室书画室健 身房教室公共餐厅等康复与医疗用房是指用于老年人诊疗 与护理康复治疗等用途的房间或场所 本规范规定的歌舞娱乐放映游艺场所包括歌厅舞厅录像 厅夜总会卡拉 0K厅和具有卡拉 0K功能的餐厅或包房各类 游艺厅桑拿浴室的休息室和具有桑拿服务功能的客房网吧等场 所不包括电影院和剧场的观众厅
4,建筑平面布置与防火分隔,4.3,民用建筑,4.3.4,儿童活动场所的布置应符合下列规定: nan,
4,建筑平面布置与防火分隔,4.3,民用建筑,4.3.5,老年人照料设施的布置应符合下列规定: 大于54m的楼层上 层及以上楼层当布置在半地下或地下一层地上四层及以上楼层 时每个房间的建筑面积不应大于 200m2且使用人数不应大于 30人,
4,建筑平面布置与防火分隔,4.3,民用建筑,4.3.6,医疗建筑中住院病房的布置和分隔应符合下列规定: 的防火隔墙和甲级防火门分隔,
4,建筑平面布置与防火分隔,4.3,民用建筑,4.3.7,歌舞娱乐放映游艺场所的布置和分隔应符合下列规定: 建筑面积不应大于 200m2h的防火隔墙和耐火极限不低于1.00h的不燃性楼板分隔。 ,
4,建筑平面布置与防火分隔,4.3,民用建筑,4.3.81,级木结构建筑中的下列场所应布置在首层、二层或三层: nan,
4,建筑平面布置与防火分隔,4.3,民用建筑,4.3.9,II级木结构建筑中的下列场所应布置在首层或二层: nan,
4,建筑平面布置与防火分隔,4.3,民用建筑,4.3.10,皿级木结构建筑中的下列场所应布置在首层: nan,
4,建筑平面布置与防火分隔,4.3,民用建筑,4.3.11,燃气调压用房、瓶装液化石油气瓶组用房应独立建造，不 应与居住建筑人员密集的场所及其他高层民用建筑贴邻贴邻其 他民用建筑的应采用防火墙分隔门窗应向室外开启 瓶装液 化石油气瓶组用房应符合下列规定 应大于 1m3并应采用自然气化方式供气,本条规定了燃气调压用房和瓶装液化石油气瓶组用房布 置的基本防火要求  燃气调压用房和瓶装液化石油气瓶组用房属于散发可燃气体 的甲类火灾危险性场所应按照甲类生 产或储存场所的相关要求 设置在独立的建筑内不应设置在其他建筑内并采取相应的防爆 与泄压措施和严格的防火分隔措施 其他防火要求应符合现行国 家相关技术标准的规定并按照国家现行相关技术标准落实相应 的防火和防爆措施
4,建筑平面布置与防火分隔,4.3,民用建筑,4.3.12,建筑内使用天然气的部位应便于通风和防爆泄压。 nan,本条规定了在建筑内使用燃气部位的布置要求。 可燃气体使用场所要防止燃气泄漏所产生的危害应通过合 理的布置保证其具有良好的直接对外的通风和泄压条件防止可 燃气体蒸气在建筑内积聚避免对相邻区域产生更大的危害并 要便于事故处理和消防救援
4,建筑平面布置与防火分隔,4.3,民用建筑,4.3.13,四级生物安全实验室应独立划分防火分区，或与三级生 物安全实验室共用 一个防火分区,生物安全实验室根据实验室所处理对象的生物危险程度 和采取的防护措施划分为 4级其中一级对生物安全隔离的要求最 低四级最高 本条规定了四级生物安全实验室内防火分区的划分 要求其他等级生物安全实验室内的防火分区划分可以按照国家现 行相关技术标准的规定确定
4,建筑平面布置与防火分隔,4.3,民用建筑,4.3.14,交通车站、码头和机场的候车(船、机)建筑乘客公共区、 交通换乘区和通道的布置应符合下列规定 域内不应布置任何可燃物体,本条规定了交通车站、码头和机场的候车(船、机)建筑的 乘客公共区交通换乘区或通道的布置与防火分隔要求 交通设施中的公共区是在建筑内向乘客开放并供乘客使用的 区域包括进站和出站集散厅候车厅(室)售票处(厅)行李和包 裹托取处(厅)旅客服务设施(问讯邮电商业卫生)等
4,建筑平面布置与防火分隔,4.3,民用建筑,4.3.15,一、二级耐火等级建筑内的商店营业厅，当设置自动灭火 系统和火灾自动报警系统并采用不燃或难燃装修材料时每个防 火分区的最大允许建筑面积应符合下列规定  于10000m2,本条明确了商店营业厅设置在一、二级耐火等级单层、多 层和高层建筑内时的防火分区最大允许建筑面积 当商店营业厅仅设置在多层建筑(包括与高层建筑主体采用防 火墙分隔的裙房)的首层其他楼层用于火灾危险性较营业厅小的 其他用途或所在建筑本身为单层建筑营业厅与其他功能区域划 分为不同的防火分区并设置各自独立的疏散设施时 一个防火分 区的最大建筑面积可以为 10000m2当商店营业厅同时设置在多层 建筑的首层及其他楼层时防火分区应按照本规范第 4.3. 16条的 规定确定 当在商店营业厅内设置餐饮场所时防火分区的建筑面积应 视餐饮场所的经营方式等按照商店营业厅或民用建筑中其他功 能的防火分区要求划分 本条规定的条件应注意与现行国家标准 建筑内部装修设计防 火规范 ))GB50222有关允许降低装修材料燃烧性能的要求的关系 当按本条要求划分防火分区且按照现行国家标准建筑内部装修设 计防火规范 ))GB50222的要求允许内部装修材料的燃烧性能降低 时商店营业厅内装修材料的燃烧性能仍要符合本条的要求
4,建筑平面布置与防火分隔,4.3,民用建筑,4.3.16,除有特殊要求的建筑、木结构建筑和附建于民用建筑中 的汽车库外其他公共建筑中每个防火分区的最大允许建筑面积 应符合下列规定  对于三级耐火等级的单多层建筑不应大于 1200m2对于四级耐 火等级的单多层建筑不应大于 600m2  不应大于 500m2倍;当局部设置自动灭火系统时，可按该局部区域建筑面积的 12计人所在防火分区的总建筑面积,本条规定了其他各类公共建筑中每个防火分区的最大允 许建筑面积要求 在建筑中应合理划分防火分区以有利于灭火救援减少火灾 损失有关设置自动灭火系统的防火分区建筑面积可以增加的规 定考虑了主动防火与被动防火之间的相互补偿
4,建筑平面布置与防火分隔,4.3,民用建筑,4.3.17,总建筑面积大于20000旷的地下或半地下商店，应分隔 为多个建筑面积不大于 20000旷的区域且防火分隔措施应可靠 有效,本条针对总建筑面积大于20000旷的地下、半地下商店，要 求采取较防火分区更严格的防火分隔措施以减小实际工程中地下商 店规模越建越大并采用非实体防火墙分隔带来的巨大火灾风险 本条规定的总建筑面积包括营业厅的建筑面积配套商 品储存库房的建筑面积及设备房等其他为商店正常运行配套服 务场所的建筑面积不包括相邻布置的汽车库或独立分区的设 备用房的建筑面积 分隔总建筑面积大于 20000旷的商店的可 靠有效措施及其具体要求可以按照国家现行相关技术标准的 规定确定
4,建筑平面布置与防火分隔,4.4,其他工程,4.4.1,地铁车站的公共区与设备区之间应采取防火分隔措施，车 站内的商业设施和非地铁功能设施的布置应符合下列规定 客疏散的专用通道内不应布置商业设施或非地铁功能设施 险性的物品不应储存可燃性液体类物品,、4.4.2这两条规定了地铁车站内配套商业设施、非地铁功 能设施布置的基本防火要求 本规范既考虑了公众出行和生活的方便也注意到地铁车站公 共区为人员聚集的场所和火灾风险性高的情况必须严格控制非地 铁车站功能设施的布置 有关配套商业设施非地铁功能设施布置 的其他防火要求及车站公共区与设备区非地铁功能设施的连通方 式和具体防火分隔要求可以按照现行国家标准地铁设计防火标 准))GB51298等标准的规定确定 地铁车站内不同功能区域与非地铁功能设施之间应采取防火 分隔措施从站台层到站厅层穿越非地铁功能场所的楼梯或扶梯 及设置在站厅公共区非付费区内联系非地铁功能场所的通道开 口楼梯或扶梯与所联系空间分别处于不同的防火分区和功能 区要采用防火墙或与防火墙防火性能等效的措施分隔以保证不 同功能区各自的消防安全
4,建筑平面布置与防火分隔,4.4,其他工程,4.4.2,地铁车站的站厅、站台、出人口通道、换乘通道、换乘厅与 非地铁功能设施之间应采取防火分隔措施,
4,建筑平面布置与防火分隔,4.4,其他工程,4.4.3,地铁工程中的下列场所应分别独立设置，并应采用防火门 (窗)耐火极限不低于 2.00h的防火隔墙和耐火极限不低于1. 50h 的楼板与其他部位分隔 灾报警设备室)环控电控室站台门控制室,本条规定了地铁工程中重要用房的布置与防火分隔要求。 本条规定的地铁工程中的场所均应为火灾时需要继续运行的房间 车站控制室重要电气设备用房以及火灾时仍需运作的房间 对确保地铁安全正常运行和在故障或发生火灾时顺利展开消防 救援行动至关重要应分别单独设置以确保这些部位不会受到其 他区域火灾的影响防止变电所和配电室等一些火灾危险性较高 的部位在发生火灾时影响到车站公共区等区域的安全
4,建筑平面布置与防火分隔,4.4,其他工程,4.4.4,在地铁车辆基地建筑的上部建造其他功能的建筑时，车辆 基地建筑与其他功能的建筑之间应采用耐火极限不低于 3.00h的 楼板分隔车辆基地建筑中承重的柱梁和墙体的耐火极限均不应 低于3.00h楼板的耐火极限不应低于 2.00h,本条规定了在车辆基地建筑的上部建造其他功能建筑时 的防火分隔要求以既充分利用土地资源又保障消防安全车辆 基地通常占地面积大车辆基地的建筑主要为存放检修和维护地 铁车辆服务火灾危险性大部分较低
4,建筑平面布置与防火分隔,4.4,其他工程,4.4.5,交通隧道内的变电站、管廊、专用疏散通道、通风机房及其 他辅助用房等应采用耐火极限不低于 2.00h的防火隔墙等与车 行隧道分隔 建筑结构耐火5,公路隧道和城市交通隧道的变电站、管廊、专用疏散通道、 通风机房等辅助用房是保障隧道日常运行和消防救援的重要设 施当这些辅助用房和疏散通道设置在隧道内时要采取相应的 防火分隔措施与车行隧道分隔以减小对隧道安全运行的影响以 及隧道内发生火灾时对这些房间或区域的影响
5,建筑结构耐火,5.1,一般规定,5.1.1,建筑的耐火等级或工程结构的耐火性能，应与其火灾 危险性建筑高度使用功能和重要性火灾扑救难度等相 适应,本条规定了建筑耐火的基本性能要求。 建筑的整体耐火性能是保证建筑结构在火灾时不发生较大破 坏或垮塌的根本建筑结构或构件的燃烧性能和耐火极限是确定 建筑整体耐火性能的基础采用耐火等级对房屋建筑的耐火性能 进行分级可以更合理地确定不同类别建筑的防火要求 不同结 构类型建筑的耐火等级分级和建筑中相应结构或构件的耐火性能 要求不同工程的结构耐火性能要求可以按照现行国家标准 建 筑设计防火规范 ))GB50016等标准的规定确定
5,建筑结构耐火,5.1,一般规定,5.1.2,地下、半地下建筑(室)的耐火等级应为一级。 nan,地下、半地下建筑和建筑的地下、半地下室内的火灾具有烟 热难以排出火场温度高烟雾大火灾延续时间长疏散和扑救难 度大易造成人员伤亡或财产损失等特点需要具备较高的耐火性 能以保证顺利展开救援工作保障建筑结构和救援人员的安全
5,建筑结构耐火,5.1,一般规定,5.1.3,建筑高度大于100m的工业与民用建筑楼板的耐火极限 不应低于 2.00h一级耐火等级工业与民用建筑的上人平屋顶 屋面板的耐火极限不应低于1. 50h二级耐火等级工业与民用建 筑的上人平屋顶屋面板的耐火极限不应低于1. 00h,本条规定了各类工业与民用建筑上人屋顶及建筑高度大 于100m建筑的楼板应具备的最低耐火极限  建筑的高度越高火灾扑救难度越大火灾延续时间越长对 建筑自身耐火性能的要求越高 一些特殊建筑和建筑内的一些特 殊部位的楼板如丙类仓库避难层等还需根据防火需要提高其耐 火极限 建筑物的上人平屋顶可用于人员在火灾时临时避难开 设消防救援阵地符合要求的上人平屋顶可作为建筑的室外安全 地点 为确保安全本条规定了 一二级耐火等级建筑上人平屋顶 上屋面板的最低耐火极限 相应地这些建筑屋顶承重构件的耐 火极限也不应低于屋面板的耐火极限
5,建筑结构耐火,5.1,一般规定,5.1.4,建筑中承重的下列结构或构件应根据设计耐火极限和受 力情况等进行耐火性能验算和防火保护设计或采用耐火试验验 证其耐火性能 木结构或构件 组合结构或构件 钢筋混凝土结构或构件 下列汽车库的耐火等级应为一级 I类汽车库 1类修车库 甲乙类物品运输车的汽车库或修车库 其他高层汽车库,当前，不少建筑结构设计均未对建筑结构或构件的耐火性 能进行验算或验证而受试验条件等的限制工程中大部分结构或 构件的耐火性能难以完全通过试验直接确定给建筑结构的消防 安全带来 一定隐患 因此本条要求对各类建筑构件或结构进行 耐火性能验算和防火保护设计以确定其具有要求的耐火性能或 采取相应的防火保护措施
5,建筑结构耐火,5.1,一般规定,5.1.6,电动汽车充电站建筑、E类汽车库、H类修车库、变电站的 耐火等级不应低于二级,电动汽车充电站建筑和E、皿类汽车库停车数量较多，一 旦遭受火灾损失较大 H田类修车库有修理车位 3个及以上 并配设各种辅助工作间变电站起火因素较多对保证社会正常生 产生活和商业经营等活动十分重要
5,建筑结构耐火,5.1,一般规定,5.1.7,裙房的耐火等级不应低于高层建筑主体的耐火等级。一般规定5.1 2 3 4,裙房与高层建筑属于同一座建筑，结构相互联系，一旦出现结 构破坏将影响高层建筑主体的安全 因此本条规定裙房的耐火等级 不应低于高层建筑主体的耐火等级且耐火等级不应低于 二级
5,建筑结构耐火,5.1,一般规定,5.1.5, 1 2 LdnRZL EFD l 主运口气也写 J 气门EJK 町时 0034uq 刮到共产 除可采用木结构的建筑外其他建筑的耐火等级应符合本章的 规定,本条规定了大型的或火灾危险性大的汽车库、修车库的最 低耐火等级  当这些汽车库修车库附设在其他建筑内时除设置在地下室 外建筑的耐火等级应按照 一级确定当汽车库仅设置在地下室 时建筑的地上部分的耐火等级仍可以根据其实际功能和建筑高 度确定 本规范规定的高层汽车库包括建筑高度大于 24m的 汽车库设置在距地面高度大于 24m的楼层上的汽车库
5,建筑结构耐火,5.2,工业建筑,5.2.1,下列工业建筑的耐火等级应为一级: 层丙类仓库每个防火分隔间建筑面积大于 3000旷的其他多层丙 类仓库,本条规定了耐火等级应为一级的厂房和仓库。本规范未 明确耐火等级的厂房和仓房可以按照国家现行有关技术标准的 规定确定其耐火等级当本规范的规定低于技术标准的要求时还 应符合相应技术标准的规定
5,建筑结构耐火,5.2,工业建筑,5.2.2,除本规范第5.2.1条规定的建筑外，下列工业建筑的耐火 等级不应低于二级 建筑,本条规定的厂房和仓库均为发生火灾后易造成较严重损失 或后果的建筑  高层仓库具有储存物资集中价值高火灾危险性大灭火和物 资抢救困难等特点高架仓库是货架高度大于 7m的机械化操作或 自动化控制的货架仓库具有货架密集货架间距小货物存放高度 高储存物品数量大和疏散扑救困难等共同特点 特殊贵重的设备 或物品是指价格昂贵稀缺的设备物品或影响生产全局或正常生 活秩序的重要设施设备所在建筑应具有较高的耐火性能 特殊 贵重的设备或物品主要有价格昂贵损失大的设备影响工厂或地 区生产全局或影响城市生命线供给的关键设施
5,建筑结构耐火,5.2,工业建筑,5.2.3,除本规范第5.2.1条和第5.2.2条规定的建筑外，下列工 业建筑的耐火等级不应低于 三级,本条规定的建筑为建筑规模小，总体火灾危险性较小的建筑。 nan
5,建筑结构耐火,5.2,工业建筑,5.2.4,丙、丁类物流建筑应符合下列规定: 口或疏散楼梯 于3.00h的防火隔墙和耐火极限不低于 2.00h的楼板分隔,物流建筑以丙、丁类物品收发、储存、装卸、搬运、分拣、物 流加工等活动为主 本条规定了丙丁类物流建筑耐火和布置的 防火要求以保障物流建筑的消防安全 物流建筑的耐火等级除 应符合本条的规定外还应符合本规范第 5.2.1条的规定
5,建筑结构耐火,5.3,民用建筑,5.3.1,下列民用建筑的耐火等级应为一级: nan,本条规定了民用建筑中耐火等级应为一级的基本范围。 一类高层民用建筑发生火灾疏散和扑救都很困难容易造成 人员伤亡或财产损失 A类广播电影电视建筑为服务范围政治 和社会影响大的广播影视工程建筑遭受火灾将产生严重的社会 影响 对这些建筑的耐火等级要求从严 四级生物安全实验室为 生物安全最高级别的实验室 上述建筑的耐火性能应按照最高设 防等级确定
5,建筑结构耐火,5.3,民用建筑,5.3.2,下列民用建筑的耐火等级不应低于二级: 消防站,本条规定了耐火等级应为二级的民用建筑。这些建筑主要 为发生火灾会导致较大人员伤亡较大社会影响较严重后果的建筑
5,建筑结构耐火,5.3,民用建筑,5.3.3,除本规范第5.3.1条、第5.3.2条规定的建筑外，下列民 用建筑的耐火等级不应低于 三级,本条规定了耐火等级应为三级的民用建筑。这些建筑在 通常情况下大多数建筑应按照二级耐火等级建造但考虑到这些 建筑的规模差异大只规定了最低的耐火等级要求 建筑的耐火 等级表征了建筑预防和抵御火灾的性能对于城镇中心区内新建 改建和扩建的民用建筑应通过提高建筑的耐火等级防止因一座 建筑发生火灾而蔓延成大规模的街区火灾
5,建筑结构耐火,5.4,其他工程,5.4.1,地铁工程地下出人口通道、地上控制中心建筑、地上主变 电站的耐火等级不应低于一级 地铁的地上车站建筑的耐火等级 不应低于 三级,地铁的地下出入口通道是出入地铁车站的安全疏散通道， 属于地下车站建筑的一部分 地铁控制中心是负责 一条或若干条 轨道交通线路平时运营和应对灾害的调度指挥中枢主变电所对 保证线路正常运营发挥着重要作用 这些建筑的耐火等级均应严 格要求 地铁地上车站的耐火等级可以按照相应规模和高度的民 用建筑确定但作为人员聚集的公共建筑不应低于 三级或为耐火 性能相当的木结构建筑
5,建筑结构耐火,5.4,其他工程,5.4.2,交通隧道承重结构体的耐火性能应与其车流量、隧道封闭 段长度通行车辆类型和隧道的修复难度等情况相适应,交通隧道的空间狭长且相对封闭，火灾的烟热排出困难，外 部消防救援受限 不同类型的交通隧道通行的车辆类型车流量有 较大差别且不同封闭段长度不同位置和施工方式的隧道交通方 式等对隧道结构耐火性能的要求也不同不同类别隧道结构体的 耐火性能需要综合上述因素和内外部消防措施与救援力量隧道的 重要性修复难度等情况确定可以按照现行国家标准建筑设计防 火规范 ))GB50016等国家现行相关技术标准的规定确定
5,建筑结构耐火,5.4,其他工程,5.4.3,城市交通隧道的消防救援出人口的耐火等级不应低于一 级城市交通隧道的地面重要设备用房运营管理中心及其他地 面附属用房的耐火等级不应低于 二级,服务于城市交通隧道的设备用房，主要包括隧道的通风与 排烟机房水泵房变电站消防设备房等其他地面附属用房主 要包括收费站道口检查亭和运营管理中心等这些用房中的重 要用房以及消防救援专用出人口在火灾情况下担负着消防救援 的重要作用需确保这些用房的防火安全其他交通隧道相关用 房和设施的耐火等级要求可以比照本条规定确定设置在隧道 内的设备房避难间等应按照本规范有关地下半地下建筑的耐 火等级要求确定
6,建筑构造与装修,6.1,防火墙,6.1.1,防火墙应直接设置在建筑的基础或具有相应耐火性能的 框架梁等承重结构上并应从楼地面基层隔断至结构梁楼板或 屋面板的底面 防火墙与建筑外墙屋顶相交处防火墙上的门 窗等开口应采取防止火灾蔓延至防火墙另 一侧的措施,本条规定了防火墙结构安全和构造及防火封堵的基本要 求以防止防火墙因其支承结构发生破坏而倒塌或失去阻止火势 蔓延的作用 要保证防火墙在火灾时发挥作用应确保防火墙的结构安全 相应支承框架的耐火极限不应低于防火墙的耐火极限 防火墙是否需要截断屋顶承重结构和高出屋面或凸出外墙 要根据屋面和外墙材料的燃烧性能而定且对不同用途建筑高度 以及不同耐火极限的屋面板的建筑有所区别  防火墙上一般不应开口除本规范明确不允许开口的防火墙 外其他防火墙上为满足建筑功能要求必须设置的开口应采取能 阻止火势和烟气蔓延的措施如设置甲级防火窗甲级防火门防 火卷帘防火阀防火分隔水幕等
6,建筑构造与装修,6.1,防火墙,6.1.2,防火墙任一侧的建筑结构或构件以及物体受火作用发生 破坏或倒塌并作用到防火墙时防火墙应仍能阻止火灾蔓延至防 火墙的另一侧,防火墙自身的结构安全是保证其发挥作用的基础，本条规 定了防火墙的基本性能要求防火墙一般为自承重墙体符合要 求的承重墙也可以用作防火墙防火墙的厚度高度内部构造以 及与周围结构之间的连接应能保证其在任意一侧受到侧向压力 或水平拉力作用时均不会发生破坏或垮塌
6,建筑构造与装修,6.1,防火墙,6.1.3,防火墙的耐火极限不应低于3.00h。甲、乙类厂房和甲、 乙丙类仓库内的防火墙耐火极限不应低于 4.00h,本条规定了防火墙的基本耐火性能要求。对于甲、乙类厂 房和甲乙丙类仓库及其他火灾强度大延续时间长的场所或建 筑应根据实际火灾危险性提高防火墙的耐火极限
6,建筑构造与装修,6.2,防火隔墙与幕墙,6.2.1,防火隔墙应从楼地面基层隔断至梁、楼板或屋面板的底面 基层防火隔墙上的门窗等开口应采取防止火灾蔓延至防火隔墙 另一侧的措施,本条规定了防火隔墙构造的基本要求。 防火隔墙主要用于同一防火分区内不同用途或火灾危险性的 房间之间的分隔耐火极限一般低于防火墙的耐火极限要求防 火隔墙要尽量采用不燃性材料且不宜自墙体上设置开口一二级 耐火等级建筑中的防火隔墙应为不燃性实体结构木结构建筑和 三四级耐火等级建筑中的防火隔墙允许采用难燃性墙体
6,建筑构造与装修,6.2,防火隔墙与幕墙,6.2.2,住宅分户墙、住宅单元之间的墙体、防火隔墙与建筑外墙、 楼板屋顶相交处应采取防止火灾蔓延至另 一侧的防火封堵措施,本条规定了建筑内防火隔墙结构缝隙的防火封堵要求，以 阻止火势越过防火隔墙蔓延 住宅建筑中的分户墙和单元之间的墙体是重要的防火隔墙 其他各类防火隔墙也是控制火灾在不同火灾危险性区域之间蔓延 的主要设施均需要确保其防火分隔的完整有效
6,建筑构造与装修,6.2,防火隔墙与幕墙,6.2.3,建筑外墙上、下层开口之间应采取防止火灾沿外墙开口蔓 延至建筑其他楼层内的措施 在建筑外墙上水平或竖向相邻开口 之间用于防止火灾蔓延的墙体隔板或防火挑檐等实体分隔结构 其耐火性能均不应低于该建筑外墙的耐火性能要求 住宅建筑外 墙上相邻套房开口之间的水平距离或防火措施应满足防止火灾通 过相邻开口蔓延的要求,本条规定了建筑外立面的基本防火性能要求，以防止火势 通过外墙开口上下或横向蔓延 建筑外窗等外墙上的开口是火灾通过外立面蔓延的主要途 径应采取措施防止火势从室内通过窗口等外墙上的开口向上向 下或横蔓延 主要的防火措施有设置一定高度或宽度的窗间墙 防火挑檐或防火隔板采用防火窗或防火门等少数可以采用水幕 等分隔和保护对于木结构建筑与可燃性难燃性外墙和屋面外保 温系统还应采取设置防火隔离带等针对性的防火措施
6,建筑构造与装修,6.2,防火隔墙与幕墙,6.2.4,建筑幕墙应在每层楼板外沿处采取防止火灾通过幕墙空 腔等构造竖向蔓延的措施,本条规定为建筑外幕墙的基本防火要求，以防止火势经外 幕墙内的空腔蔓延 具有空腔结构的建筑外幕墙会导致外幕墙上下贯通在火灾 时不仅热烟和火焰局限在空腔内而且易产生烟囱效应甚至外幕 墙自身燃烧并熔融滴落使火势蔓延迅速扩大扑救难度大幕墙 的防火分隔和封堵措施应根据不同幕墙构造和材料确定可以按 照现行国家标准建筑防火封堵应用技术标准 GBT 51410的要 求采取相应的防火封堵构造措施
6,建筑构造与装修,6.3,竖井、管线防火和防火封堵,6.3.1,电梯井应独立设置，电梯井内不应敷设或穿过可燃气体或 甲乙丙类液体管道及与电梯运行无关的电线或电缆等 电梯层 门的耐火完整性不应低于 2.00h,-6.3.3这三条规定了建筑内各类竖井的基本防火要求， 以保证建筑竖向防火分区的有效性防止火势通过竖井蔓延 建筑中的管道井电缆井电梯井等竖向井道是烟火竖向蔓延 的通道有的自身还存在一定的火灾危险性建造时要将不同类别 的竖向井道独立设置并使竖井的井壁具备一定耐火极限建筑 内的每个电梯井均应各自独立设置不允许敷设穿越可燃气体和 可燃液体管道并且电梯层门应具备足够的耐火完整性能 为有效阻止火势在竖井内的蔓延防止产生烟囱效应而加剧 火势并导致快速蔓延至多个楼层除不允许在层间隔断的竖井外 需在竖井的每层楼板处用相当于楼板耐火极限的不燃材料和防火 封堵组件等分隔和封堵防火封堵组件应能与相应构件或结构协 同工作具有与封堵部位构件或结构相当的耐受火焰高温烟气和 其他热作用的性能不同管线在竖井内的敷设和防火要求还需 符合国家现行相关标准的规定
6,建筑构造与装修,6.3,竖井、管线防火和防火封堵,6.3.2,电气竖井、管道井、排烟或通风道、垃圾井等竖井应分别独 立设置井壁的耐火极限均不应低于1. 00h,
6,建筑构造与装修,6.3,竖井、管线防火和防火封堵,6.3.3,除通风管道井、送风管道井、排烟管道井、必须通风的燃气 管道竖井及其他有特殊要求的竖井可不在层间的楼板处分隔外 其他竖井应在每层楼板处采取防火分隔措施且防火分隔组件的 耐火性能不应低于楼板的耐火性能,
6,建筑构造与装修,6.3,竖井、管线防火和防火封堵,6.3.4,电气线路和各类管道穿过防火墙、防火隔墙、竖井井壁、建 筑变形缝处和楼板处的孔隙应采取防火封堵措施 防火封堵组件 的耐火性能不应低于防火分隔部位的耐火性能要求,本条规定了电线电缆、电气槽盒等及各类管道(如给水排水 管道输送可燃气体或可燃液体的管道除尘管道及其他工艺管线 各类通风和防排烟管道)在建筑内穿越防火分隔处的防火封堵要求 各类建筑内敷设的各类管线在穿越防火墙防火隔墙防火分 隔楼板处及其他防火分隔部位处的孔洞和缝隙均需要采用防火 封堵组件封堵以确保防火分隔的有效性 各类缝隙和孔洞封堵 的技术措施及要求可以按照现行国家标准 建筑防火封堵应用技 术标准 ))GBT51410的规定确定
6,建筑构造与装修,6.3,竖井、管线防火和防火封堵,6.3.5,通风和空气调节系统的管道、防烟与排烟系统的管道穿过 防火墙防火隔墙楼板建筑变形缝处建筑内未按防火分区独立 设置的通风和空气调节系统中的竖向风管与每层水平风管交接的 水平管段处均应采取防止火灾通过管道蔓延至其他防火分隔区 域的措施,本条规定了各类通风和排烟管道在穿越建筑内不同防火 分隔处的防火分隔与封堵要求以防止烟气和火势经管道蔓延到 不同防火分隔区域  建筑内防排烟系统的风管和排烟管道通风和空气调节系统 的风管在穿越防火墙防火隔墙防火分隔楼板处以及其他防火 分隔部位处均 需要设置防火阀等防火分隔措施以确保防火分隔 的有效性 不同通风管道在穿越墙体楼板等防火分隔处的防火 措施不同具体措施及相关技术要求可按照现行国家标准 建筑设 计防火规范 ))GB50016等标准的规定确定
6,建筑构造与装修,6.4,防火门、防火窗、防火卷帘和防火玻璃墙,6.4.1,防火门、防火窗应具有自动关闭的功能，在关闭后应具有 烟密闭的性能 宿舍的居室老年人照料设施的老年人居室旅馆 建筑的客房开向公共内走廊或封闭式外走廊的疏散门应在关闭 后具有烟密闭的性能 宿舍的居室旅馆建筑的客房的疏散门应 具有自动关闭的功能,防火门尽管具有防火密封条，但该密封条需要达到较高的 温度才会膨胀将门缝封堵在温度较低情况下不能有效阻止烟气 透过 普通门没有严格的烟密闭性能要求在火灾条件下难以保 证宿舍公寓老年人照料设施旅馆建筑中居室内人员的安全  本条规定了防火门防火窗的基本功能和性能要求以及居住建筑 等具有住宿功能的房间门在正常情况下关闭后的防烟性能以确 保防火分隔的有效性减少烟气对人员的危害 建筑内门窗在正 常使用时的启闭状态可以根据使用需要确定
6,建筑构造与装修,6.4,防火门、防火窗、防火卷帘和防火玻璃墙,6.4.2,下列部位的门应为甲级防火门: 房通向疏散走道或疏散楼梯间的门,、6.4.3这两条规定了建筑内应采用甲级或乙级防火门的 通用要求以确保相应防火分隔部位的分隔有效性有效阻止火势 蔓延 除本条规定外本规范其他条文对设置甲级防火门的部位 还有具体规定  疏散楼梯间是火灾时人员从建筑内疏散到室外的疏散安全 区消防电梯的前 室对于保障消防救援行动安全具有重要作用  这些区域均 需要具有较高的防火防烟性能楼梯间分隔墙体的耐 火极限一般都要求不低于 2.00h因此楼梯间及其前室消防电 梯间的前室或合用前室的门均要求为耐火性能不低于乙级的防 火门 仓库建筑内的疏散走道和楼梯间的设置与其他建筑有所区别 一般仓库中的库房通过疏散走道将建筑楼梯层上疏散楼梯间连通 不在库房内直接设置疏散楼梯间以提高疏散楼梯的安全性能
6,建筑构造与装修,6.4,防火门、防火窗、防火卷帘和防火玻璃墙,6.4.3,除建筑直通室外和屋面的门可采用普通门外，下列部位的 门的耐火性能不应低于乙级防火门的要求且其中建筑高度大于 100m的建筑相应部位的门应为甲级防火门 高层工业与民用建筑中封闭楼梯间的门 或疏散楼梯的门,
6,建筑构造与装修,6.4,防火门、防火窗、防火卷帘和防火玻璃墙,6.4.4,电气竖井、管道井、排烟道、排气道、垃圾道等竖井井壁上 的检查门应符合下列规定 火门 耐火性能不应低于乙级防火门的要求 求当竖井在楼层处元水平防火分隔时门的耐火性能不应低于乙 级防火门的要求,本条规定了建筑中各类竖井在楼层上设置的检查门的防 火要求以防止火灾通过竖井蔓延本条规定的竖井检查门的耐 火性能要求基于竖井在每层楼板处均有水平防火分隔对于在 楼层位置没有水平防火分隔的竖井如燃气管道井通风管井等 检查门的耐火性能应根据竖井及检查门所在位置的火灾危险性和 建筑的高度等确定且不应低于乙级
6,建筑构造与装修,6.4,防火门、防火窗、防火卷帘和防火玻璃墙,6.4.5,平时使用的人民防空工程中代替甲级防火门的防护门、防 护密闭门密闭门耐火性能不应低于甲级防火门的要求且不应 用于平时使用的公共场所的疏散出口处,本条针对平时使用的人民防空工程的特殊分隔需要，规定 了特种门使用时的耐火性能要求 平时使用的人民防空工程中的防护门防护密闭门或密闭门 厚重不灵活不便于紧急情况下开启不应用作商场展览厅歌 舞娱乐放映游艺场所等公共场所的疏散门不向公众开放的场 所可以根据使用功能和分隔需要使用防护门防护密闭门或密闭 门但这些门位于防火分隔处时应具有与防火分隔部位耐火要求 相当的耐火性能
6,建筑构造与装修,6.4,防火门、防火窗、防火卷帘和防火玻璃墙,6.4.6,设置在防火墙和要求耐火极限不低于3.00h的防火隔墙 上的窗应为甲级防火窗,、6.4.7这两条规定了在建筑中需要采用甲级或乙级防火 窗的部位 防火窗一般用于建筑间防火间距不足部位的建筑外窗屋顶 天窗以及建筑内防火墙或防火隔墙上的观察窗工艺窗和需要防 止火灾竖向蔓延的其他外墙开口不同部位对防火窗的耐火性能 要求不一样对于一些特殊位置的防火窗耐火要求还应符合国 家现行相关技术标准的规定
6,建筑构造与装修,6.4,防火门、防火窗、防火卷帘和防火玻璃墙,6.4.7,下列部位的窗的耐火性能不应低于乙级防火窗的要求: nan,
6,建筑构造与装修,6.4,防火门、防火窗、防火卷帘和防火玻璃墙,6.4.8,用于防火分隔的防火卷帘应符合下列规定: 重自行关闭的功能 应具有同步降落封闭开口的功能,本条规定了防火卷帘用于防火分隔时的基本功能和性能要 求以确保防火分隔的有效性和可靠性防火卷帘一般用于防火 墙防火隔墙上尺寸较大且在正常使用情况下需保持敞开的开口
6,建筑构造与装修,6.4,防火门、防火窗、防火卷帘和防火玻璃墙,6.4.9,用于防火分隔的防火玻璃墙，耐火性能不应低于所在防火 分隔部位的耐火性能要求,防火玻璃墙可用于替代防火隔墙。本条规定了防火玻璃 墙作为一种防火分隔构件应具备的基本耐火性能要求
6,建筑构造与装修,6.5,建筑的内部和外部装修,6.5.1,建筑内部装修不应擅自减少、改动、拆除、遮挡消防设施或 器材及其标识疏散指示标志疏散出口疏散走道或疏散横通道 不应擅自改变防火分区或防火分隔防烟分区及其分隔不应影响 消防设施或器材的使用功能和正常操作,、6.5.2这两条规定了建筑内部装修涉及消防安全的禁止 性要求 建筑内部的消防设施和防火措施在建筑使用期间应始终能够正 常发挥作用符合建筑设计要求的出口和通道的宽度值消防设施的 保护范围及防火分隔不影响人员疏散和消防设施的正常使用
6,建筑构造与装修,6.5,建筑的内部和外部装修,6.5.2,下列部位不应使用影响人员安全疏散和消防救援的镜面 反光材料 地面 地面,
6,建筑构造与装修,6.5,建筑的内部和外部装修,6.5.3,下列部位的顶棚、墙面和地面内部装修材料的燃烧性能均 应为A级,避难走道、避难间或避难层、疏散楼梯间及其前室、消防电梯 前室是在建筑发生火灾时供人员疏散和避难消防救援人员进出火场 和修整与避险的重要区域应严格控制其中的火灾荷载本条规定建 筑内这些区域中主要部位的内部装修材料均应采用不燃性材料
6,建筑构造与装修,6.5,建筑的内部和外部装修,6.5.4,消防控制室地面装修材料的燃烧性能不应低于Bl级，顶 棚和墙面内部装修材料的燃烧性能均应为 A级下列设备用房 的顶棚墙面和地面内部装修材料的燃烧性能均应为 A级 钢瓶间等消防设备间,本条规定了建筑中保障消防设施正常运行的重要房间和 火灾危险性大的房间的内部装修材料的燃烧性能主要考虑建筑 内消防控制室等各类消防设备用房的重要性尽可能减少火灾危 险性大的房间火灾荷载和火灾蔓延危险
6,建筑构造与装修,6.5,建筑的内部和外部装修,6.5.5,歌舞娱乐放映游艺场所内部装修材料的燃烧性能应符合 下列规定 材料的燃烧性能应为 A级,歌舞娱乐放映游艺场所多年来一直是容易发生火灾并且 常导致人员伤亡的场所也是消防安全监管的重点场所需要严格 控制其内部装修材料的燃烧性能
6,建筑构造与装修,6.5,建筑的内部和外部装修,6.5.6,下列场所设置在地下或半地下时，室内装修材料不应使用 易燃材料石棉制品玻璃纤维塑料类制品顶棚墙面地面的内 部装修材料的燃烧性能均应为 A级 厅候乘厅,交通建筑中的公共区为人员聚集的场所，特别是位于地下 或半地下的区域容易因火灾产生严重的后果为降低因使用可 燃或难燃材料对人员安全的影响本条规定了交通建筑中位于地 下或半地下的公共区域装修材料燃烧性能的基本要求
6,建筑构造与装修,6.5,建筑的内部和外部装修,6.5.7,除有特殊要求的场所外，下列生产场所和仓库的顶棚、墙 面地面和隔断内部装修材料的燃烧性能均应为 A级,本条规定了火灾危险性大的甲、乙类生产场所，甲、乙、丙 类储存场所部分丁类生产场所中室内装修材料的燃烧性能要求 本条规定的生产车间和仓库不仅内部火灾荷载高而且火灾危险 性大应严格限制其内部装修材料的燃烧性能具有高温作业的 生产场所主要限制其中高温作业影响范围内室内装修材料的燃 烧性能
6,建筑构造与装修,6.5,建筑的内部和外部装修,6.5.8,建筑的外部装修和户外广告牌的设置，应满足防止火灾通 过建筑外立面蔓延的要求不应妨碍建筑的消防救援或火灾时建 筑的排烟与排热不应遮挡或减小消防救援口,本条规定了建筑外部装修的基本防火性能要求，以降低火 灾沿建筑立面蔓延的危险减少外部装修对消防救援行动的影响 建筑外部装修广告牌设置和灯光工程是引发火灾和导致火灾 沿外立面蔓延的主要原因也是影响消防救援时排烟排热以及破 拆人员救助的主要障碍在建筑外部装修时应结合外墙上消防救 援口和消防扑救面的设置采取有利于消防安全的装修材料和方案
6,建筑构造与装修,6.6,建筑保温,6.6.1,建筑的外保温系统不应采用燃烧性能低于B2级的保温材 料或制品当采用 B1级或B2级燃烧性能的保温材料或制品时应 采取防止火灾通过保温系统在建筑的立面或屋面蔓延的措施或 构造,本条规定了建筑内、外保温系统的基本防火要求。采用难 燃和可燃保温材料的建筑外墙和屋面外保温系统被引燃后会导致 火势沿建筑立面或屋面蔓延特别是具有空腔结构的保温系统应 采取防止火势蔓延的构造措施将着火区域限制在较小的范围内 在可燃难燃材料的外保温系统外表面应设置防止飞火及外部火 源直接引燃的防护层建筑墙体和屋面保温系统要尽量采用燃烧 性能高的材料但不允许使用燃烧性能低于 Bz级的材料或制品 本条要求不包括按照本规范第 6.6.2条规定采用保温材料与 两侧墙体构成无空腔复合保温结构一体化建筑外墙
6,建筑构造与装修,6.6,建筑保温,6.6.2,建筑的外围护结构采用保温材料与两侧不燃性结构构成无 空腔复合保温结构体时该复合保温结构体的耐火极限不应低于所 在外围护结构的耐火性能要求当保温材料的燃烧性能为 B1级或 Bz级时保温材料两侧不燃性结构的厚度均不应小于 50mm,本条规定了保温结构一体化建筑外墙和屋顶的基本防火要求。 本条规定的保温系统处于结构构件内部与保温层两侧的墙体 或楼板共同作为建筑构件使用本条中的结构体的耐火极限应 为保温层及其两侧墙体或楼板构成的构件整体的耐火极限
6,建筑构造与装修,6.6,建筑保温,6.6.3,飞机库的外围护结构、内部隔墙和屋面保温隔热层，均应 采用燃烧性能为 A级的材料飞机库大门及采光材料的燃烧性能 均不应低于 Bl级,本条规定了飞机库的内、外墙体和屋顶内、外保温系统等 的防火要求为满足实际功能要求并考虑到门的火灾贡献小允 许飞机库的大门及采光材料采用 B1级燃烧性能的材料
6,建筑构造与装修,6.6,建筑保温,6.6.4,除本规范第6.6.2条规定的情况外，下列老年人照料设 施的内外保温系统和屋面保温系统均应采用燃烧性能为 A级的 保温材料或制品 建筑面积大于 500旷的老年人照料设施,、6.6.5这两条规定老年人照料设施和人员密集场所等建 筑的外墙外保温系统应采用 A级燃烧性能的保温材料与其他 建筑合建的老年人照料设施有关保温材料燃烧性能的要求可只 针对老年人照料设施部分当其中老年人照料设施的建筑面积不 大于500m2时外保温系统中保温材料的燃烧性能仍可以按照标 准对该建筑的有关要求确定
6,建筑构造与装修,6.6,建筑保温,6.6.5,除本规范第6.6.2条规定的情况外，下列建筑或场所的外 墙外保温材料的燃烧性能应为 A级,
6,建筑构造与装修,6.6,建筑保温,6.6.6,除本规范第6.6.2条规定的情况外，住宅建筑采用与基层 墙体装饰层之间元空腔的外墙外保温系统时保温材料或制品的 燃烧性能应符合下列规定,、6.6.7这两条规定了不同高度建筑中元空腔外墙外保温系 统中保温材料的燃烧性能要求 条文中外墙外保温系统主要是 指类似薄抹灰外保温系统即保温材料与基层墙体及保护层装饰 层之间均无 空腔的保温系统 其中采用粘贴方式施工法在保温材 料与墙体找平层之间形成的空隙可以不视为本条规定的空腔
6,建筑构造与装修,6.6,建筑保温,6.6.7,除本规范第6.6.3条~第6.6.6条规定的建筑外，其他建 筑采用与基层墙体装饰层之间无空腔的外墙外保温系统时保温 材料或制品的燃烧性能应符合下列规定,
6,建筑构造与装修,6.6,建筑保温,6.6.8,除本规范第6.6.3条~第6.6.5条规定的建筑外，其他建 筑采用与基层墙体装饰层之间有空腔的外墙外保温系统时保温 系统应符合下列规定 A级 应低于 B1级 层楼板处采取防火分隔与封堵措施,本条规定是对不同高度建筑中有空腔外墙外保温系统中 保温材料燃烧性能的要求 条文中外墙外保温系统主要指在类 似建筑幕墙与建筑基层墙体间存在空腔的外墙外保温系统
6,建筑构造与装修,6.6,建筑保温,6.6.9,下列场所或部位内保温系统中保温材料或制品的燃烧性 能应为 A级,、6.6.10内保温系统位于建筑室内，应严格限制使用可燃 材料尽量减少使用难燃保温材料降低保温材料的烟气毒性
6,建筑构造与装修,6.6,建筑保温,6.6.10,除本规范第6.6.3条和第6.6.9条规定的场所或部位 外其他场所或部位内保温系统中保温材料或制品的燃烧性能均 不应低于 Bl级当采用 Bl级燃烧性能的保温材料时保温系统的 外表面应采取使用不燃材料设置防护层等防火措施,
7,安全疏散与避难设施,7.1,一般规定,7.1.1,建筑的疏散出口数量、位置和宽度，疏散楼梯(间)的形式 和宽度避难设施的位置和面积等应与建筑的使用功能火灾危 险性耐火等级建筑高度或层数埋深建筑面积人员密度人员 特性等相适应,本条规定了建筑安全疏散与避难设施的基本功能和性能 要求  疏散出口的位置数 量和宽度疏散距离疏散楼梯的形式疏 散走道疏散楼梯间和避难区域的防火防烟性能等对于保证人员 安全疏散与避难至关重要而这些与建筑的高度层数或一个防火 分区房间的大小及内部布置室内空间高度和火灾荷载等关系密 切建筑的疏散和避难设施应结合区域内使用人员的特性平面 布置和疏散规划和上述因素合理确定使之在火灾时能为人员疏 散和避难提供安全保障满足人员安全疏散和避难的要求
7,安全疏散与避难设施,7.1,一般规定,7.1.2,建筑中的疏散出口应分散布置，房间疏散门应直接通向安 全出口不应经过其他房间 疏散出口的宽度和数量应满足人员 安全疏散的要求 各层疏散楼梯的净宽度应符合下列规定 其上部各层中要求疏散净宽度的最大值 程各层疏散楼梯的净宽度均不应小于其下部各层中要求疏散净 宽度的最大值,本条规定了建筑内疏散出口、疏散楼梯设置的关键性能要求。 一个区域设置多个疏散出口时要求分散布置以保证火灾时 人员具有多个不同方向的疏散路径 多个楼层的建筑无论位于 地上还是地下建筑各层的用途和使用人数均可能各不相同各层 所需疏散宽度会有所差异 因此 沿人员疏散顺序使用的疏散楼 梯从楼层的安全出口开始至楼梯间再到下 一层(或上 层)楼梯 间每一层疏散楼梯的宽度均应依次不小于前者以确保人员疏散 过程中不会发生拥堵而延误安全疏散时间
7,安全疏散与避难设施,7.1,一般规定,7.1.3,建筑中的最大疏散距离应根据建筑的耐火等级、火灾危险 性空间高度疏散楼梯(间)的形式和使用人员的特点等因素确 定并应符合下列规定 位于袋形走道两侧或尽端房间的疏散门至最近安全出口的最大允 许疏散距离,本条规定了建筑中安全疏散距离的确定原则和基本性能 要求  疏散距离的确定既要考虑人员疏散的安全也要兼顾建筑功 能空间高度和平面布置的要求不同火灾危险性场所不同耐火 等级建筑可以有所区别  本条的房间不包括具有 2个及以上安全出口的展览厅营业 厅观众厅开敞办公区候车厅等类似场所以及生产厂房中的生 产车间和仓库建筑中的库房
7,安全疏散与避难设施,7.1,一般规定,7.1.4,疏散出口门、疏散走道、疏散楼梯等的净宽度应符合下列 规定m，当住宅建筑高度不大于18m且一边设置栏杆时，室内疏 散楼梯的净宽度不应小于1. 0m其他住宅建筑室内疏散楼梯的净 宽度不应小于1. 1m 净宽度均不应小于1. 1m 设置扶手栏杆分隔为宽度均不大于 2.0m的区段,、7.1.5这两条规定了建筑内疏散出口、疏散楼梯、疏散走 道的最小净宽度和最小净高度等的基本要求以满足人员安全疏 散和消防救援的需要 第7.1. 4条规定的各类设施的宽度均为最 小净宽度对于有特殊要求者应在此基础上增大  本规范规定的疏散出口门为设置在建筑内各房间直接通向疏 散走道的门或安全出口的门包括疏散楼梯间电梯间或防烟楼梯 间的前室或合用前室的门等  在疏散楼梯等的中间加设中间扶手且设置栏杆扶手可以保 证通行宽度不至过宽防止人群疏散时因失稳跌倒而发生踩踏等 意外情况  合理设置疏散指示标志有利于人员快速安全地疏散 建筑内 所设置的疏散指示标志要便于人们辨认并符合人行走时的行为习 惯能起到引导作用但要避免被建筑构配件和火灾烟 气遮挡
7,安全疏散与避难设施,7.1,一般规定,7.1.5,在疏散通道、疏散走道、疏散出口处，不应有任何影响人员 疏散的物体并应在疏散通道疏散走道疏散出口的明显位置设 置明显的指示标志疏散通道疏散走道疏散出口的净高度均不 应小于 2.1m疏散走道在防火分区分隔处应设置疏散门,
7,安全疏散与避难设施,7.1,一般规定,7.1.6,除设置在丙、丁、戊类仓库首层靠墙外侧的推拉门或卷帘 门可用于疏散门外疏散出口门应为平开门或在火灾时具有平开 功能的门且下列场所或部位的疏散出口门应向疏散方向开启 散人数大于 30人的房间,、7.1.7这两条规定了疏散门的形式和基本性能要求，以避 免疏散门设置不合理导致人员受阻或不能安全疏散  侧拉门卷帘门旋转门或电动门包括帘中门在人群紧急疏 散情况下不能保证安全快速疏散的不允许用作疏散门 为避免 在疏散时由于人群拥挤而压紧内开门扇使门无法开启要求担负 疏散人数较多的疏散门应向疏散方向开启 疏散门应具备在火灾 时能从室内外任何 一侧开启的功能不应因平时的管理和限制导 致疏散门无法在火灾时开启
7,安全疏散与避难设施,7.1,一般规定,7.1.7,疏散出口门应能在关闭后从任何一侧手动开启。开向疏 散楼梯(间)或疏散走道的门在完全开启时不应减少楼梯平台或 疏散走道的有效净宽度除住宅的户门可不受限制外建筑中控 制人员出人的闸口和设置门禁系统的疏散出口门应具有在火灾时 自动释放的功能且人员不需使用任何工具即能容易地从内部打 开在门内一侧的显著位置应设置明显的标识,
7,安全疏散与避难设施,7.1,一般规定,7.1.8,室内疏散楼梯间应符合下列规定: 及其他影响人员疏散的凸出物或障碍物 体计量表时应采用敞开楼梯间并应采取防止燃气泄漏的防护措 施其他建筑的疏散楼梯间及其前室内不应设置可燃或助燃气体 管道 4疏散楼梯间及其前室与其他部位的防火分隔不应使用 卷帘 筑疏散楼梯间前室或合用前室内的管道井检查门外疏散楼梯间 及其前室或合用前室内的墙上不应设置其他门窗等开口 加压防烟措施或采用防烟楼梯间 库平时使用的人民防空工程及其他地下工程不应小于 6.0m2  住宅建筑不应小于 4.5m2与消防电梯前室合用的前室的使用 面积公共建筑高层厂房高层仓库平时使用的人民防空工程及 其他地下工程不应小于 10.0m2 住宅建筑不应小于 6.0m2 0 开口最近边缘之间的水平距离不应小于1. 0m0当距离不符合要 求时应采取防止火势通过相邻开口蔓延的措施,本条规定了疏散楼梯间的通用设置要求。 疏散楼梯间是建筑内人员疏散和消防救援的主要竖向通道 应防止在楼梯间内发生火灾或火灾通过楼梯间蔓延 凡可能引发 火灾或影响人员安全疏散的设施均不应设置在楼梯间内 在住宅 建筑的楼梯间中允许设置水表电表气表可燃气体管道等但应 采取防止管道意外损伤发生泄漏的措施设置位置不应影响人员 疏散和正常通行 楼梯间应采用防火隔墙耐火楼板等与相邻区 域分隔使之具有良好的防火性能并通过设置外窗机械加压送 风系统等使之具有良好的防烟性能  除住宅建筑受平面布置限制需要将电缆井和管道井的检查门 设置在前室或合用前室内外在其他建筑的防烟楼梯间前室或合 用前室内不允许开设除疏散门和排烟窗以外的其他开口和管道 井的检查门
7,安全疏散与避难设施,7.1,一般规定,7.1.9,通向避难层的疏散楼梯应使人员在避难层处必须经过避 难区上下 除通向避难层的疏散楼梯外疏散楼梯(间)在各层的 平面位置不应改变或应能使人员的疏散路线保持连续,本条规定了建筑内疏散楼梯间的平面位置要求，以确保人 员在疏散过程中连续畅通快捷安全并避免人员错过避难层
7,安全疏散与避难设施,7.1,一般规定,7.1.10,除住宅建筑套内的自用楼梯外，建筑的地下或半地下室、 平时使用的人民防 空工程其他地下工程的疏散楼梯间应符合下 列规定 通室外地面的楼层采用耐火极限不低于 2.00h且元开口的防火隔 墙分隔,本条规定了地下、半地下建筑(室)的疏散楼梯设置要求。 对于地上建筑当疏散设施不能使用时紧急情况下还可以通 过阳台外廊屋面或外墙开口等处逃生而地下建筑只能通过疏 散楼梯向上疏散 因此地下半地下建筑或建筑的地下半地下 室应根据其竖向疏散高度确定疏散楼梯间的防火防烟性能 疏散 楼梯间在地下层与地上层连接处需合理分隔以有效防止疏散人 员误入地上楼层或地下楼层
7,安全疏散与避难设施,7.1,一般规定,7.1.11,室外疏散楼梯应符合下列规定: 不应大于 450  料或木结构外室外疏散楼梯的梯段和平台均应采用不燃材料 口疏散门不应正对梯段,本条规定了建筑室外疏散楼梯的基本设置要求。 室外疏散楼梯设置应避免倾斜角度过大楼梯过窄或栏杆扶手 过低导致不安全防止火焰从门内窜出而将楼梯烧坏或烟气直接作 用于疏散楼梯影响人员疏散 室外楼梯主要辅助用于人员的应急 逃生和消防员直接从室外进入建筑物到达着火层开展消防救援
7,安全疏散与避难设施,7.1,一般规定,7.1.12,火灾时用于辅助人员疏散的电梯及其设置应符合下列 规定 说明,、7.1.13这两条规定了在发生火灾时用于辅助人员疏散 的电梯的基本性能和设置要求 建筑内的普通客(货)电梯 一般不 具备防烟防火防水性能电梯井在火灾时可能会成为加速火势 蔓延扩大的通道不能用于火灾时的人员疏散  当采用电梯辅助人员疏散时该电梯的性能和电梯的建筑设 置均需要满足消防电梯的相关要求 在消防电梯前室内设置非消 防电梯时非消防电梯本身的防火性能也应符合消防电梯的要求 以防止非消防电梯发生火灾影响消防电梯的安全使用
7,安全疏散与避难设施,7.1,一般规定,7.1.13,设置在消防电梯或疏散楼梯间前室内的非消防电梯，防 火性能不应低于消防电梯的防火性能,
7,安全疏散与避难设施,7.1,一般规定,7.1.14,建筑高度大于100m的工业与民用建筑应设置避难层，且第 一个避难层的楼面至消防车登高操作场地地面的高度不应大于 50m,建筑高度大于100m的建筑，使用人员多、竖向疏散距离 长导致人员的疏散时间长应设置避难层以便为人员安全疏散 和避难提供必要的停留场所 本条规定的第一个避难层设置高 度主要为适应目前我国主战举高消防车的救援能力
7,安全疏散与避难设施,7.1,一般规定,7.1.15,避难层应符合下列规定: 楼层的全部使用人数避难的要求  避难层内的可燃液体管道可燃或助燃气体管道应集中布置设备 管道区应采用耐火极限不低于 3.00h的防火隔墙与避难区及其他 公共区分隔 管道井和设备间应采用耐火极限不低于 2.00h的防 火隔墙与避难区及其他公共区分隔 设备管道区管道井和设备 间与避难区或疏散走道连通时应设置防火隔间防火隔间的门应 为甲级防火门 器消防专线电话和应急广播 出口处均应在明显位置设置标示避难层和楼层位置的灯光指示 标识 可开启外窗 操作场地范围内,、7.1.16这两条规定了避难层、避难间的基本性能和关键 防火措施
7,安全疏散与避难设施,7.1,一般规定,7.1.16,避难间应符合下列规定: 难的要求 电机房变配电站等火灾危险性大的场所的正下方正上方或贴邻 防火门与其他部位分隔 可开启外窗除外窗和疏散门外避难间不应设置其他开口 的管道 应急广播 示标识,
7,安全疏散与避难设施,7.1,一般规定,7.1.17,汽车库或修车库的室内疏散楼梯应符合下列规定: nan,、7.1.18这两条规定了汽车库、修车库的疏散楼梯形式和汽 车库内的最大安全疏散距离
7,安全疏散与避难设施,7.1,一般规定,7.1.18,汽车库内任一点至最近人员安全出口的疏散距离应符合 下列规定 置自动灭火系统均不应大于 60m  自动灭火系统时不应大于 60m,
7,安全疏散与避难设施,7.2,工业建筑,7.2.1,厂房中符合下列条件的每个防火分区或一个防火分区的 每个楼层安全出口不应少于 2个 100m2或同一时间的使用人数大于 5人 150m2或同一时间的使用人数大于 10人 250m2或同一时间的使用人数大于 20人 大于400m2或同一时间的使用人数大于 30人 面积大于 50m2或同一时间的使用人数大于 15人 建筑面积大于 200m2或同一时间的使用人数大于 15人,本条规定了厂房内每个防火分区安全出口的基本数量要求。 要求厂房内每个防火分区至少有 2个安全出口确保人员在其 中一个出口不可用时仍具有其他路径和出口可以疏散是保证人员 疏散安全的基本要求 安全出口的数量和具体设置位置还 需要根 据疏散距离和疏散宽度等经计算后合理确定 对于火灾危险性较 低面积较小和疏散人数较少的防火分区允许设置 1个安全出口
7,安全疏散与避难设施,7.2,工业建筑,7.2.2,高层厂房和甲、乙、丙类多层厂房的疏散楼梯应为封闭楼 梯间或室外楼梯 建筑高度大于 32m且任一层使用人数大于 10 人的厂房疏散楼梯应为防烟楼梯间或室外楼梯,本条规定了厂房的疏散楼梯形式。 高层厂房和甲乙丙类厂房火灾危险性较大 对于高度较高 的建筑竖向疏散距离长人员疏散需要时间长应使疏散楼梯间 具有更高的防烟性能以保障人员在楼梯间内的疏散安全疏散 楼梯间的形式要综合考虑建筑的火灾危险性高度和设置部位等 因素确定
7,安全疏散与避难设施,7.2,工业建筑,7.2.3,占地面积大于300旷的地上仓库，安全出口不应少于2个;建 筑面积大于 100旷的地下或半地下仓库安全出口不应少于 2个仓 库内每个建筑面积大于 100m2的房间的疏散出口不应少于 2个,本条规定了仓库安全出口和疏散出口的基本数量要求。 仓库的安全出口一般应按照防火分区设置当一座仓库采用 分间库房通过共用疏散走道和共用疏散楼梯间布置时可以不要 求按照防火分区设置但每间库房仍应按照本条规定的面积确定 相应的疏散出口数量
7,安全疏散与避难设施,7.2,工业建筑,7.2.4,高层仓库的疏散楼梯应为封闭楼梯间或室外楼梯。 nan,本条规定了高层仓库的疏散楼梯间形式。 多层仓库的疏散楼梯间形式不限但考虑到乙类丙类仓库的 可燃物数量大丁类仓库也存在一定可燃物的情况开敞楼梯间不 应直接设置在这些仓储建筑中的库房内
7,安全疏散与避难设施,7.3,住宅建筑,7.3.1,住宅建筑中符合下列条件之一的住宅单元，每层的安全出 口不应少于 2个 距离大于 15m的住宅单元 出口的疏散距离大于 10m的住宅单元,本条针对单元式住宅建筑规定了住宅建筑应至少设置2个 安全出口的条件对于通廊式住宅建筑主要根据疏散距离要求确 定安全出口的数量和位置
7,安全疏散与避难设施,7.3,住宅建筑,7.3.2,住宅建筑的室内疏散楼梯应符合下列规定: 低于1. 00h时与电梯井相邻布置的疏散楼梯应为封闭楼梯间 火完整性低于1. 00h时疏散楼梯应为封闭楼梯间 间开向防烟楼梯间前室或合用前室的户门应为耐火性能不低于 乙级的防火门 楼梯的住宅单元户门的耐火完整性不应低于1. 00h疏散楼梯应 通至屋面 面连通,本条规定了不同条件住宅建筑的疏散楼梯间形式。 建筑高度大于 33m的住宅建筑楼层上需直接开向楼梯间前室 的户门应具有与其他建筑楼层上通向前室的门相同的耐火性能楼 层上允许开向前室的门的数量等可以根据国家现行相关技术标准的 规定确定 本条规定未严格要求户门应为防火门主要是基于实际建筑 使用需要和保证住宅应具备的基本防火性能实际建筑可根据具 体情况确定是否采用防火门
7,安全疏散与避难设施,7.4,公共建筑,7.4.1,公共建筑内每个防火分区或一个防火分区的每个楼层的 安全出口不应少于 2个仅设置 1个安全出口或 1部疏散楼梯的 公共建筑应符合下列条件之一 于50人的单层公共建筑或多层公共建筑的首层 映游艺场所外符合表 7.4.1规定的公共建筑 表7.4.1 仅设置 1个安全出口或 1部疏散楼梯的公共建筑 建筑的耐火 最多 每层最大建筑 数人 等级或类型 层数 面积(m2) 一二级 3层 200 第二三层的人数之和不大于 50人 三级木结构建筑 3层 200 第二三层的人数之和不大于 25人 四级 2层 200 第二层人数不大于 15人,本条规定了公共建筑内每个防火分区安全出口的基本设 置数量包括地下半地下建筑或建筑的地下半地下室本条规 定的医疗建筑不包括无治疗功能的疗养院这类疗养院应按照旅 馆建筑考虑
7,安全疏散与避难设施,7.4,公共建筑,7.4.2,公共建筑内每个房间的疏散门不应少于2个;儿童活动场 所老年人照料设施中的老年人活动场所医疗建筑中的治疗室和 病房教学建筑中的教学用房当位于走道尽端时疏散门不应少 于2个公共建筑内仅设置 1个疏散门的房间应符合下列条件 之一 所房间位于两个安全出口之间或袋形走道两侧且建筑面积不大 于50m2 房房间位于两个安全出口之间或袋形走道两侧且建筑面积不大 于75m2  50m2且经常停留人数不大于 15人 走道两侧且建筑面积不大于 120m2  于50m2 于200m2房间内任 一点至疏散门的直线距离不大于 15m疏散门 的净宽度不小于1. 40m,本条规定了公共建筑内每个房间疏散门的基本设置数量。 本条规定的其他用途的场所是指除儿童活动场所老年人 照料设施中的老年人活动场所医疗建筑中的治疗室和病房教学 建筑中的教学用房和歌舞娱乐放映游艺场外的场所老年人照料 设施中的老年人活动场所和教学建筑中的教学用房不包括相应的 办公室配套的辅助用房教师用房等
7,安全疏散与避难设施,7.4,公共建筑,7.4.3,位于高层建筑内的儿童活动场所，安全出口和疏散楼梯应 独立设置,儿童对疏散设施的要求与成人有所区别，儿童活动场所与 其他功能的场所混合建造时不利于火灾时儿童疏散和消防救援 应严格控制并应为儿童活动场所设置独立的安全出口避免儿童 与其他楼层和场所的疏散人员混合
7,安全疏散与避难设施,7.4,公共建筑,7.4.4,下列公共建筑的室内疏散楼梯应为防烟楼梯间: nan,、7.4.5这两条规定了各类公共建筑中室内疏散楼梯的基 本形式 这两条规定应采用封闭楼梯间或防烟楼梯间的建筑无论楼 层的建筑面积多大或层数多少均不应采用开敞疏散楼梯间并按 照上下层连通开口考虑 建筑中与敞开式外廊连通的楼梯间具有较好的通风条件能防 止烟气进入或在楼梯间内积聚此类楼梯间可以不采用封闭楼梯间 本规范规定的类似使用功能的建筑是指设置该款前述用途 场所的建筑建筑的使用功能与前述建筑或场所类似或疏散人员 数量特性及火灾危险性与前述场所类似的建筑
7,安全疏散与避难设施,7.4,公共建筑,7.4.5,下列公共建筑中与敞开式外廊不直接连通的室内疏散楼 梯均应为封闭楼梯间 能的建筑 能的建筑,
7,安全疏散与避难设施,7.4,公共建筑,7.4.6,剧场、电影院、礼堂和体育馆的观众厅或多功能厅的疏散 门不应少于 2个且每个疏散门的平均疏散人数不应大于 250人 当容纳人数大于 2000人时其超过 2000人的部分每个疏散门的 平均疏散人数不应大于 400人,本条规定了剧场、电影院、礼堂和体育馆的观众厅或多功 能厅应具备足够数量的疏散门并相对均匀分布 在实际工程中要注意协调每个疏散门的人流股数和疏散时 间控制的关系并根据每个疏散门平均负担的疏散人数校核和调 整每个疏散门的宽度
7,安全疏散与避难设施,7.4,公共建筑,7.4.7,除剧场、电影院、礼堂、体育馆外的其他公共建筑，疏散出 口疏散走道和疏散楼梯各自的总净宽度应根据疏散人数和每 100人所需最小疏散净宽度计算确定并应符合下列规定 宽度不应小于表 7.4.7的规定值  表7.4.7 疏散出口疏散走道和疏散楼梯每 100人所需 最小疏散净宽度 (m100 人) 建筑的耐火等级或类型 建筑层数或埋深 三级木 一二级 结构建筑四级 l层2层 0. 65 0. 75 1. 00 地上楼层 3层 0. 75 1. 00 不小于 4层 1. 00 1. 25 埋深不大于 10m 0. 75 地下 埋深大于 10m 1. 00 半地下楼层歌舞娱乐放映游艺场所及其他人员密集的房间 宽度可按本层的疏散人数计算确定外首层外门的总净宽度应按 该建筑疏散人数最大一层的人数计算确定 厅的建筑面积按不小于1. 0人1m2计算歌舞娱乐放映游艺场所中 其他用途房间的疏散人数应根据房间的建筑面积按不小于 0.5 人1m2计算,本条规定了除剧场、电影院、礼堂、体育馆外的其他各类公 共建筑疏散出口疏散走道和疏散楼梯的疏散总净宽度的确定方 法和计算指标  疏散人数是确定疏散宽度的关键参数应根据建筑的用途和 建设地点等因素合理估计和确定 计算歌舞娱乐放映游艺场所的 疏散人数时可以仅以该场所内具有娱乐功能的各厅室的建筑面 积为基础计算可以不计算该场所内疏散走道卫生间 等辅助用房 的建筑面积
7,安全疏散与避难设施,7.4,公共建筑,7.4.8,医疗建筑的避难间设置应符合下列规定: 设置避难间 症监护区每个防火分区应至少设置 1间避难间 的避难区净面积不应小于 25.0m2  规定,医疗建筑的用途决定了其中有部分人员在火灾时难以及 时疏散出建筑物 需要为这些人员提供临时避难的场所 避难间 可以利用平时使用的房间如 每层的监护室也可以利用消防电梯 前室但不应利用合用前室以防止病床影响人员通过楼梯疏散  避难间的可用面积应考虑消防员医护人员家属所占面积和病床 所占面积
7,安全疏散与避难设施,7.5,其他工程,7.5.1,地铁车站中站台公共区至站厅公共区或其他安全区域的 疏散楼梯自动扶梯和疏散通道的通过能力应保证在远期或客流 控制期中超高峰小时最大客流量时一列进站列车所载乘客及站 台上的候车乘客能在 4min内全部撤离站台并应能在 6min内全 部疏散至站厅公共区或其他安全区域,本条规定了地铁车站公共区疏散设施的基本性能要求，以 便根据车站的具体情况确定足够的疏散楼梯和安全出口  站台至站厅公共区或出地面的楼(扶)梯组数和总输送能力应 按照站台上的乘客能在 4min内全部撤离站台 6min内所有乘客 能全部疏散至站厅公共区或其他安全区域配置站台上的疏散总 人数应为一列进站列车所载乘客与站台上的全部候车人数
7,安全疏散与避难设施,7.5,其他工程,7.5.2,地铁车站的安全出口应符合下列规定: 台直通室外的安全出口不应少于 2个 距不应小于 20m 房区域的安全出口不应少于 2个其中有人值守的防火分区应至 少有 1个直通室外的安全出口,本条规定了地铁车站的安全出口设置要求。 地铁车站站厅公共区的出入口同方向设置时若两个出入通 道在站厅内的人口水平距离近会出现疏散人员拥堵影响安全 疏散  站台设备管理区可利用设备管理区外的走道通过端门向站 台公共区疏散 但有人值守的设备管理区必须设置 1个独立的 直达室外的安全出口
7,安全疏散与避难设施,7.5,其他工程,7.5.3,两条单线载客运营地下区间之间应设置联络通道，载客运 营地下区间内应设置纵向疏散平台,本条规定了地铁区间隧道的疏散设施设置要求。 111 当列车在地下区间发生火灾又不能牵引到相邻车站时乘客 要就近弃车疏散 由于区间隧道 一般较长难以满足人员安全疏 散的要求应积极利用相邻区间疏散并在区间设置疏散平台和在 相邻区间隧道之间设置联络通道将乘客疏散到另一条非着火隧 道内再疏散到邻近车站最后到室外地面 同时联络通道也为 消防救援人员通过非 着火隧道经联络通道到达着火隧道展开救援 提供条件 相邻两条联络通道的问距应 综合考虑隧道的几何条 件通风与防排烟条件隧道建造方式隧道位置等因素确定并可 以按照现行国家标准 地铁设计防火标准 ))GB51298等标准的规 定确定
7,安全疏散与避难设施,7.5,其他工程,7.5.4,地铁工程中的出人口控制装置，应具有与火灾自动报警系 统联动控制自动释放和断电自动释放的功能并应能在车站控制 室或消防控制室内手动远程控制,地铁车站的出人口大多具有人员进出控制功能，这些控制 人员进出的设施应能在车站发生火灾时由火灾自动报警系统和控 制中心联动控制自动释放 地铁的出人口包括公共区的出入口 门进出口闸设备区的出人口和消防专用出入口等
7,安全疏散与避难设施,7.5,其他工程,7.5.5,城市综合管廊工程的每个舱室均应设置人员逃生口和消 防救援出人口 人员逃生口和消防救援出人口的尺寸应方便人员 进出其间距应根据电力电缆热力管道燃气管道的敷设情况管 廊通风与消防救援等需要综合确定  8消防设施,本条规定了城市综合管廊的出人口设置要求，这些出入口 包括不同舱室的人员疏散口和消防救援出入口 有关出人口的间 距和具体尺寸等要求可以根据城市管廊工程中不同舱室的火灾 危险性及管廊的建设位置环境条件等按照现行国家标准 城市综 合管廊工程技术规范 ))GB50838等标准的规定确定  8消防设施
8,消防设施,8.1,消防给水和灭火设施,8.1.1,建筑应设置与其建筑高度(埋深)，体积、面积、长度，火灾 危险性建筑附近的消防力量布置情况环境条件等相适应的消防 给水设施灭火设施和器材 除地铁区间综合管廊的燃气舱和住 宅建筑套内可不配置灭火器外建筑内应配置灭火器,本条规定了建筑有关消防给水、灭火设施和灭火器材的功 能要求  建筑消防给水主要由消防水源给水管道控制阀门和消防水 泵等构成灭火设施和器材包括室内和室外消火栓系统自动灭火 系统或装置灭火器及其他灭火器材 等建筑应设置与建筑的规 模和火灾危险性等相适应的消防给水设施灭火设施和器材
8,消防设施,8.1,消防给水和灭火设施,8.1.2,建筑中设置的消防设施与器材应与所设置场所的火灾危 险性可燃物的燃烧特性环境条件设置场所的面积和空间净高 使用人员特征防护对象的重要性和防护目标等相适应满足设置 场所灭火控火早期报警防烟排烟排热等需要并应有利于人 员安全疏散和消防救援,本条规定了建筑中各类消防设施与器材应满足的基本功 能目标和性能要求是各类建筑在确定消防设施类型及其性能的 基本原则 建筑中设置的灭火控火早期报警防烟排烟排热 等消防设施应与建筑内的火灾特性空间和环境条件防火目标等 相适应
8,消防设施,8.1,消防给水和灭火设施,8.1.3,设置在建筑内的固定灭火设施应符合下列规定: 应用于扑救遇灭火介质会发生化学反应而引起燃烧爆炸等物质 的火灾 要求 行和灭火剂安全储存的要求,本条规定了建筑内固定灭火设施的基本性能要求，以确保 灭火设施有效并能安全可靠运行  固定灭火设施包括自动喷水灭火系统水喷雾灭火系统细水 雾灭火系统 气体灭火系统泡沫灭火系统干粉灭火系统自动跟 踪定位射流灭火系统固定炮灭火系统厨房自动灭火设施等主 要用于抑制扑灭建筑内初起火灾或对防护对象实施防护冷却等
8,消防设施,8.1,消防给水和灭火设施,8.1.4,除居住人数不大于500人且建筑层数不大于2层的居住 区外城镇(包括居住区商业区开发区工业区等)应沿可通行消 防车的街道设置市政消火栓系统,、8.1.5这两条规定了市政消火栓系统和室外消火栓系统 的基本设置范围以保证消防车在灭火时能直接从市政给水管网 或室外消防给水管网快速取水 第8.1. 5条规定的高架桥主 要为在灭火救援时用于消防车停靠取水或灭火救援场地的市政高 架道路车站候车楼或民用机场航站楼等建筑中的高架桥
8,消防设施,8.1,消防给水和灭火设施,8.1.5,除城市轨道交通工程的地上区间和→、二级耐火等级且建 筑体积不大于 3000旷的戊类厂房可不设置室外消火栓外下列建 筑或场所应设置室外消火栓系统,
8,消防设施,8.1,消防给水和灭火设施,8.1.6,除四类城市交通隧道、供人员或非机动车辆通行的三类城 市交通隧道可不设置消防给水系统外城市交通隧道应设置消防 给水系统,本条规定了城市交通隧道应设置消防给水系统的范围。 城市交通隧道绝大部分处于市政给水管网覆盖范围内隧道 的消防给水主要依靠市政给水系统保证 四类隧道和通行人员或 非机动车辆的 三类隧道为隧道封闭段长度短或火灾危险性较小 的隧道可以利用消防车自带水或灭火剂等扑救不需单独设置消 防给水系统
8,消防设施,8.1,消防给水和灭火设施,8.1.7,除不适合用水保护或灭火的场所、远离城镇且元人值守的 独立建筑散装粮食仓库金库可不设置室内消火栓系统外下列 建筑应设置室内消火栓系统 大于 800个的电影院座位数大于 1200个的礼堂座位数大于 1200个的体育馆等建筑 场的候车(船机)建筑展览商店旅馆和医疗建筑老年人照料 设施档案馆图书馆 6建筑高度大于 15m或建筑体积大于 10000旷的办公建 筑教学建筑及其他单多层民用建筑 的人行通道车辆基地内建筑面积大于 300旷的建筑,室内消火栓是控制建筑内初起火灾的主要灭火、控火设施， 本条规定了建筑内应设置室内消火栓系统的基本范围 本条第 9 款规定的地下区间不包括地铁工程中地面线路局部下穿市政道 路或穿越山体 隧道的两端都是敞口且长度不大于 500m的独立地 下区间
8,消防设施,8.1,消防给水和灭火设施,8.1.8,除散装粮食仓库可不设置自动灭火系统外，下列厂房或生 产部位仓库应设置自动灭火系统 不小于 5000链的麻纺厂房中的分级梳麻车间火柴厂的烤梗筛 选部位 单多层制鞋制衣玩具及电子等类似用途的厂房 积大于 1000旷的棉毛丝麻化纤毛皮及其制品的地上仓库 每个防火分区建筑面积大于 1500旷的地上非高架冷库 1500m2或总建筑面积大于 3000旷的单多层丙类仓库 仓库丙丁类高层仓库,-8.1.10这三条规定了汽车库、修车库及其他工业与民用 建筑中应设置自动灭火系统的场所或部位  条文中未明确具体部位或场所的要求该建筑全部设置自动 灭火系统但其中不适用设置自动灭火系统的部位或可燃物很少 的部位可以不设置 自动灭火系统的类型应根据本规范第 8.1. 2 条的规定确定可以按照国家现行相关技术标准的规定选择相适 应的类型和灭火剂  第8.l. 9条第 11款规定的人民防空工程不包括兼作人民 防空工程的地铁地下车站公共区
8,消防设施,8.1,消防给水和灭火设施,8.1.9,除建筑内的游泳池、浴池、溜冰场可不设置自动灭火系统 外下列民用建筑场所和平时使用的人民防空工程应设置自动灭 火系统 房走道办公室旅馆的客房可燃物品库房 大于 2000个的会堂或礼堂座位数大于 3000个的体育馆座位数 大于 5000个的体育场的室内人员休息室与器材间等 的单多层展览建筑商店建筑餐饮建筑和旅馆建筑 于1500m2或总建筑面积大于 3000旷的单多层病房楼门诊楼和 于术部 气调节系统且总建筑面积大于 3000旷的其他单多层公共建筑 高层民用建筑内的歌舞娱乐放映游艺场所设置在多层建筑第一层至 第三层且楼层建筑面积大于 300旷的地上歌舞娱乐放映游艺场所 或礼堂的观众厅,
8,消防设施,8.1,消防给水和灭火设施,8.1.10,除敞开式汽车库可不设置自动灭火设施外，1、E、田类 地上汽车库停车数大于 10辆的地下或半地下汽车库机械式汽 车库采用汽车专用升降机作汽车疏散出口的汽车库 1类的机动 车修车库均应设自动灭火系统,
8,消防设施,8.1,消防给水和灭火设施,8.1.11,下列建筑或部位应设置雨淋灭火系统: 棉赛璐珞胶片硝化纤维的场所 火胶棉赛璐珞胶片硝化纤维库房 实瓶库 的乙等剧场的舞台葡萄架下部座位数大于 2000个的会堂或礼堂 的舞台葡萄架下部 于500旷的电影摄影棚,本条规定了建筑中应设置雨淋灭火系统的基本场所或部位。 雨淋灭火系统是自动喷水灭火系统的一种类型主要用于扑救 燃烧猛烈蔓延快的火灾 本条规定的厂房和仓库主要是指具 有上述火灾特征的车间和库房该类厂房和仓库中的其他火灾燃烧 和蔓延速率较低的部位或场所可以采用其他适用类型的灭火设施
8,消防设施,8.1,消防给水和灭火设施,8.1.12,下列建筑应设置与室内消火栓等水灭火系统供水管网直 接连接的消防水泵接合器且消防水泵接合器应位于室外便于消 防车向室内消防给水管网安全供水的位置 建筑 工程 的汽车库 上的其他地下半地下建筑(室),本条规定了应设置消防水泵接合器的建筑及其基本设置 要求以便消防车到场后能充分利用建筑物内的既有消防给水系 统和水消防设施消防水泵接合器主要用于连接消防车并通过 消防车加压向室内消火栓给水系统自动喷水或水喷雾等水灭火 系统或设施供水
8,消防设施,8.2,防烟与排烟,8.2.1,下列部位应采取防烟措施: nan,本条规定了建筑内应设置防烟设施的基本部位。这些部位 主要为在发生火灾时需保证人员疏散与避难安全的区域包括建筑 物内的防烟楼梯间及其前室消防电梯间前室或合用前室避难层 中的避难区域与连接走道避难间避难走道专用消防通道等  建筑内这些部位的防烟设施采用何种类型及相应的系统设计 等要求应符合现行国家标准 消防设施通用规范 ))GB55036等标准 的规定
8,消防设施,8.2,防烟与排烟,8.2.2,除不适合设置排烟设施的场所、火灾发展缓慢的场所可不 设置排烟设施外工业与民用建筑的下列场所或部位应采取排烟 等烟气控制措施 上丙类生产场所丙类厂房内建筑面积大于 300m2且经常有人停 留或可燃物较多的地上房间 的地上丁类生产场所 放映游艺场所设置在其他楼层且房间总建筑面积大于 100旷的 歌舞娱乐放映游艺场所 散走道其他厂房或仓库内长度大于 40m的疏散走道民用建筑 内长度大于 20m的疏散走道,",,8.2.3这两条规定了汽车库、修车库及各类工业和民用建 筑内应设置排烟等烟气控制设施的基本场所或部位  排烟旨在将火灾产生的有毒烟气和热量尽快排出到室外为 人员疏散消防救援提供有利条件减轻对建筑结构的热作用建 筑内这些部位的烟气控制设施采用何种类型及相应的系统设计等 要求应符合现行国家标准消防设施通用规范 ))GB55036等标准 的规定"
8,消防设施,8.2,防烟与排烟,8.2.3,除敞开式汽车库、地下一层中建筑面积小于1000旷的汽 车库地下一层中建筑面积小于 1000旷的修车库可不设置排烟设 施外其他汽车库修车库应设置排烟设施,
8,消防设施,8.2,防烟与排烟,8.2.4,通行机动车的一、二、三类城市交通隧道内应设置排烟设施。 nan,本条规定了应设置排烟设施的城市交通隧道。 隧道的空间特性决定了其火灾排烟困难导致灭火疏散难度 大火灾延续时间长应针对隧道条件设置相应的排烟设施以尽 快排出火灾的烟和热四类城市交通隧道和其他交通隧道的排烟 可根据其所在位置及隧道结构形式外部救援条件及重要性等因 素确定城市交通隧道辅助用房的排烟设施应根据本规范及国 家相关技术标准对相应工业与民用建筑中类似火灾危险性场所的 排烟设置要求确定
8,消防设施,8.2,防烟与排烟,8.2.5,建筑中下列经常有人停留或可燃物较多且无可开启外窗 的房间或区域应设置排烟设施 区域,本条规定了各类建筑中无可开启外窗的房间设置排烟设 施的基本要求这些建筑包括工业与民用建筑独立的地下和半 地下工业与民用建筑平时使用的人民防空工程地铁车站隧道 工程的辅助用房城市综合管廊工程的辅助用房等
8,消防设施,8.3,火灾自动报警系统,8.3.1,除散装粮食仓库、原煤仓库可不设置火灾自动报警系统 外下列工业建筑或场所应设置火灾自动报警系统,、8.3.2火灾自动报警系统具有早期发现火灾信息，及早发 出火灾警报通知人员疏散灭火或联动相关消防设施的功能这 两条规定了应设置火灾自动报警系统的设置范围主要为可燃物较 多火灾蔓延迅速扑救困难或同一时间停留人数较多的场所或建 筑是工业与民用建筑中应设置火灾自动报警系统的基本范围  这两条规定的场所如未明确具体部位除个别火灾危险性小的 部位如卫生间泳池水泵房等外需要在该建筑内全部设置火灾 自动报警系统这两条未规定的其他建筑或场所可以按照国家现 行相关标准的要求或建筑的火灾危险性等实际情况确定建筑中设 置的火灾自动报警系统或火灾报警或警报装置火灾探测器的类型及 系统设计的具体要求应结合建筑内的环境条件使用人员情况可燃 物类型和火灾特性等因素根据本规范第 8.1.2条和现行国家标准 消防设施通用规范 ))GB55036及相关技术标准的规定确定  第8.3.2条规定的商店不包括菜市场建筑面积小于 100m2 的单建或附属商店建筑住宅建筑内的商业服务网点该条规定的 托儿所不包括设置在家庭内由家庭看护的托儿场所该条规定的 其他儿童活动场所不包括小学学校的教室等教学用房该条规定 不包括出租客房数量少于 15间(套)的旅馆建筑
8,消防设施,8.3,火灾自动报警系统,8.3.2,下列民用建筑或场所应设置火灾自动报警系统: 似用途的建筑 要的档案馆 区域性电力交通和防灾等指挥调度建筑 电影院座位数超过 2000个的会堂或礼堂座位数超过 3000个的 体育馆 病房楼手术部等 500m2或总建筑面积大于 1000旷的其他儿童活动场所 品库房和建筑面积大于 500旷的商店营业厅以及其他一类高层 公共建筑,
8,消防设施,8.3,火灾自动报警系统,8.3.3,除住宅建筑的燃气用气部位外，建筑内可能散发可燃气 体可燃蒸气的场所应设置可燃气体探测报警装置,本条规定应设置可燃气体探测报警装置的场所，包括各类生 产厂房仓库中存在散发可燃气体或蒸气的场所公共建筑中存在散 发可燃气体或蒸气的场所等不包括住宅建筑内的燃气用气部位
9,供暖、通风和空气调节系统,9.1,一般规定,9.1.1,除有特殊功能或性能要求的场所外，下列场所的空气不应 循环使用 度不小于其爆炸下限 25的丙类生产或储存场所 小于其爆炸下限值 10的其他场所,本条规定了建筑中不应采用循环空气的场所，以预防在这 些场所内形成爆炸危险性混合气体  建筑中含有容易起火或爆炸危险性粉尘纤维的场所应设置通 风系统并且在通风机前 一般应设置净化空 气的过滤器只有当排出 的空气中不再有燃烧或爆炸危险并符合职业健康等要求时该场所的 空气才可循环使用同样存在爆炸危险性物质的场所只有当排出的 空气不再有燃烧或爆炸危险时该场所的空气才可循环使用  有些建筑尽管不是甲乙类厂房或仓库但当建筑中存在甲乙 类生产场所或者存在储放或需要使用甲乙类火灾危险性的物质 的场所且在生产存放使用过程中会散发可燃气体蒸气粉尘 纤维等爆炸危险性物质时这些场所内的空气也不允许循环使用
9,供暖、通风和空气调节系统,9.1,一般规定,9.1.2,甲、乙类生产场所的送风设备，不应与排风设备设置在同 一通风机房内用于排除甲乙类物质的排风设备不应与其他房 间的非防爆送排风设备设置在同 一通风机房内,本条规定了甲、乙类生产场所的通风、排风设备布置的基本 防火要求以避免经排风设备排出的可能含有可燃气体蒸气的 空 气又经送风机送回或送入其他场所内而形成消防安全隐患  服务于存在可燃气体蒸气粉尘和纤维的场所的排风和送风 设备不允许布置在同一通风机房内一般也不允许与为其他场所 服务的送风设备排风设备布置在同一通风机房内
9,供暖、通风和空气调节系统,9.1,一般规定,9.1.3,排除有燃烧或爆炸危险性物质的风管，不应穿过防火墙， 或爆炸危险性房间人员聚集的房间可燃物较多的房间的隔墙,本条规定了在各类建筑中敷设用于排出含有可燃气体、蒸 气粉尘纤维等物质的风管穿越防火分隔处的防火要求以保证 防火墙等防火分隔的有效性防止通过排风管道将爆炸危险性场 所的火灾或爆炸引至其他场所
9,供暖、通风和空气调节系统,9.2,供暖系统,9.2.1,甲、乙类火灾危险性场所内不应采用明火、燃气红外线辐 射供暖 存在粉尘爆炸危险性的场所内不应采用电热散热器供 暖在储存或产生可燃气体或蒸气的场所内使用的电热散热器及 其连接器应具备相应的防爆性能,本条规定了甲、乙类火灾危险性场所，具有可燃粉尘、纤 维气体或蒸气爆炸危险性场所的供暖方式以及供暖设备的基本 防火性能要求以预防明火高温供暖装置引发火灾或爆炸
9,供暖、通风和空气调节系统,9.2,供暖系统,9.2.2,下列场所应采用不循环使用的热风供暖: 道散热器表面接触能引起燃烧的场所 爆炸或产生爆炸性气体的场所,本条规定了建筑中不应循环使用热风供暖的基本场所，以 预防不能完全排出的爆炸危险性物质在场所内逐渐积累而形成爆 炸隐患这些场所主要表现为在生产过程中散发的可燃气体蒸 气粉尘纤维与供暖管道散热器表面接触虽然供暖温度不高也 可能引起燃烧在生产过程中散发的粉尘受到水水蒸气的作用能 引起自燃和爆炸
9,供暖、通风和空气调节系统,9.2,供暖系统,9.2.3,采用燃气红外线辐射供暖的场所，应采取防火和通风换气 等安全措施,本条规定了采用燃气红外线辐射供暖的场所的防火和防 止发生爆炸的安全要求  燃气红外线辐射供暖系统具有炽热表面加热与辐射管道温 度高应与可燃物保持足够的距离 燃烧器工作时会放散二氧化 碳和水蒸气等产物当燃烧不完全时还会生成一氧化碳设置场 所应具有良好的通风和换气条件以便及时排出有害气体 此外 燃气红外线辐射供暖装置应具有应急关断燃气气源防止燃气泄 漏与点火装置爆炸的安全措施等
9,供暖、通风和空气调节系统,9.3,通风和空气调节系统,9.3.1,下列场所应设置通风换气设施: 存场所,本条规定了建筑中应采取通风措施的基本场所，以防止形 成爆炸危险性环境  本条主要针对各类建筑内易挥发出可燃蒸气的甲乙类物质 易泄漏甲乙类可燃气体或可能产生可燃气体粉尘纤维并能形 成爆炸危险性气氛的场所包括建筑中的燃油燃气锅炉房商业 燃气用气场所机械通风的方式应根据场所的具体情况确定一 般应采用独立的通风系统自然通风和机械通风的具体设置要求 应符合国家现行相关技术标准的规定
9,供暖、通风和空气调节系统,9.3,通风和空气调节系统,9.3.2,下列通风系统应单独设置: 系统 爆炸危险性气体蒸气粉尘纤维的通风系统,本条规定了应单独设置通风系统(包括排风系统)的场所， 以预防因易燃易爆物质在排风管道内富集并将在通风系统内发生 的燃烧和爆炸引至其他场所 通风系统的设置既要防止甲乙类厂房或仓库中的易燃易爆 物质经管道系统进入其他防火分区防止不同种类不同性质的有 害物质混合后引起燃烧或爆炸也要防止建筑中存在容易引起火 灾或爆炸危险性物质通过排风管道窜入其他房间
9,供暖、通风和空气调节系统,9.3,通风和空气调节系统,9.3.3,排除有燃烧或爆炸危险性气体、蒸气或粉尘的排风系统应 符合下列规定 接通向室外安全地点  气电10 消防电气,本条规定了用于排出可燃气体、蒸气、粉尘、纤维的通风系 统的基本防火要求以防止形成爆炸危险性条件 本条规定既要求用于排出可燃气体蒸气和粉尘纤维的排风 系统的管道设备等要采取静电接地等静电防护措施又要求管道 等要采用金属管道等导电性能好的材料消除静电在设备布置 上不允许将排风设备布置在地下和半地下避免将爆炸性物质引 人通风条件差的场所 10电J 飞
10,电气,10.1,消防电气,10.1.1,建筑高度大于150m的工业与民用建筑的消防用电应符 合下列规定 应急电源的消防供电回路应采用专用线路连接至专用母10.1 消防用电设备的供电电源干线应有两个路由,本条规定了建筑高度大于150m的工业与民用建筑中消 防用电设备的供电负荷等级和保障供电可靠性的基本要求 特级负荷是指中断供电将发生中毒爆炸和火灾等情况的负 荷以及特别重要场所中不允许中断供电的负荷其供电电源要求应 符合现行国家标准 建筑电气与智能化通用规范 ))GB55024的规定
10,电气,10.1,消防电气,10.1.2,除筒仓、散装粮食仓库及工作塔外，下列建筑的消防用电 负荷等级不应低于一级 建筑高度大于 50m的丙类仓库 一类高层民用建筑 二层式二层半式和多层式民用机场航站楼 I类汽车库 建筑面积大于 5000m2且平时使用的人民防空工程 地铁工程 一二类城市交通隧道 下列建筑的消防用电负荷等级不应低于二级 室外消防用水量大于 30Ls的厂房 室外消防用水量大于 30Ls的仓库 的体育馆 省(市)级及以上的广播电视电信和财贸金融建筑2 线段 3 4,本条根据建筑火灾的扑救难度、建筑的功能及其重要性、 建筑发生火灾后可能的危害与损失消防设施的用电情况规定了 建筑的消防用电设备应按照不低于一级负荷供电的基本范围以 保证这些建筑消防用电的可靠性 本规范中的消防用电负荷包括消防控制室和消防水泵房的 应急照明消防水泵消防电梯防烟排烟设施火灾探测与报警系 统需使用电源的自动灭火系统或装置疏散照明和疏散指示标志 以及电动的防火门窗卷帘阀门等设施设备
10,电气,10.1,消防电气,10.1.3, 1 7 8 3 5  4JJF3 22 神才哥飞 ρJh 山忖坎 234 丁叫可 La 公共建筑,本条规定了建筑的消防用电设备应按照不低于二级负荷 供电的基本范围以保证这些建筑消防用电的可靠性
10,电气,10.1,消防电气,10.1.4,建筑内消防应急照明和灯光疏散指示标志的备用电源的 连续供电时间应满足人员安全疏散的要求且不应小于表 10.1. 4 的规定值 表10.1.4建筑内消防应急照明和灯光疏散指示标志的 备用电源的连续供电时间 建筑类别 连续供电时间 (h) 建筑高度大于 100m的民用建筑 1.5 建筑高度不大于 100m的医疗建筑老年人照料设施总建筑面积大于 100000m2的其他公共建筑 水利工程水电工程总建筑面积大于 20000m2的地下或半地,本条规定了各类建筑内消防应急照明和疏散指示标志备用 电源的最小连续供电时间是确定相关备用电源容量的主要依据 为保证消防应急照明和灯光疏散指示标志用电安全可靠要 尽可能采用集中供电方式但无论采用何种方式均需要备用电源 在主电源断电后能立即自动投入并保持所需持续供电时间 本规范中的消防应急照明包括火灾时的疏散照明和备用 照明
10,电气,10.1,消防电气,10.1.5,建筑内的消防用电设备应采用专用的供电回路，当其中的 生产生活用电被切断时应仍能保证消防用电设备的用电需要 除三级消防用电负荷外消防用电设备的备用消防电源的供电时间 和容量应能满足该建筑火灾延续时间内消防用电设备的持续用 电要求不同建筑的设计火灾延续时间不应小于表 10.1. 5的 规定 表10.1.5不同建筑的设计火灾延续时间 建筑类别 具体类型 设计火灾延续时间 (h) 甲乙丙类仓库 3.0 仓库 丁戊类仓库 2. 0 甲乙丙类厂房 3.0 厂房 丁戊类厂房 2. 0 一类高层建筑 建筑体积公共建筑大于100000m3的公共建筑 其他公共建筑 2.0 一类高层住宅 建筑 2. 0 住宅建筑 其他住宅建筑 1.0 平时使用的 总建筑面积不大于 3000m21.0 人民防空工程 总建筑面积大于 3000m2 2.0 一二类 3.0 城市交通隧道 三类 2. 0 城市轨道交通工程 2.0,本条规定了消防供电线路和消防电源的基本性能要求， 以保证消防用电设备供电的可靠性 为保证建筑中的消防用电设备在火灾时正常发挥作用不仅要 保证消防电源的容量满足要求而且要保证电源及其供配电线路的 可靠性使消防供电回路与非消防供电回路各自独立备用电源的 供电时间要按照建筑内各消防用电设备设计持续运行时间最长者 确定且不应小于建筑的设计火灾延续时间或对应消防用电设施所 需持续供电时间当国家现行相关标准对建筑的设计火灾延续时 间另有较本条规定的时间长者还应符合其他标准的相关规定 本条规定的供电回路是指从建筑的低压总配电室或分配电 室至建筑内相应消防用电设备或消防设备室(如消防水泵房消防 控制室消防电梯机房等)最末级配电箱的配电线路
10,电气,10.1,消防电气,10.1.6,除按照三级负荷供电的消防用电设备外，消防控制室、消 防水泵房的消防用电设备及消防电梯等的供电应在其配电线路 的最末一级配电箱内设置自动切换装置防烟和排烟风机房的消 防用电设备的供电应在其配电线路的最末一级配电箱内或所在 防火分区的配电箱内设置自动切换装置防火卷帘电动排烟窗 消防潜污泵消防应急照明和疏散指示标志等的供电应在所在防 火分区的配电箱内设置自动切换装置,本条规定了建筑中消防用电设备配电的基本要求，以避 免配电干线故障影响消防用电设备的供电可靠性  本条规定的最末 一级配电箱对于消防控制室消防水泵房的 消防用电设备及消防电梯等为上述消防电梯和消防设备室处的 最末级配电箱对于其他消防用电设备为这些用电设备所在防火 分区的配电箱
10,电气,10.1,消防电气,10.1.7,消防配电线路的设计和敷设，应满足在建筑的设计火灾 延续时间内为消防用电设备连续供电的需要,本条规定了消防配电线路的关键防火性能要求。 消防配电线路的选型是否合理线缆的耐火和防火性能高低 线路敷设是否安全直接关系到消防用电设备在火灾时能否正常 运行 消防配电线路应根据建筑中不同位置的环境条件和可能的 火灾环境选择相应燃烧性能或阻燃性能和耐火性能的电线电缆 并根据不同敷设方式采取符合防火要求的保护措施以保证供配 电线路在设计的火灾延续时间等供电时间内能够持续供电具体 设计敷设方法和防护措施等可以按照国家现行相关技术标准的 规定确定
10,电气,10.1,消防电气,10.1.8,除筒仓、散装粮食仓库和火灾发展缓慢的场所外，下列建 筑应设置灯光疏散指示标志疏散指示标志及其设置间距照度应 保证疏散路线指示明确方向指示正确清晰视觉连续 修车库 区间内的纵向疏散平台,本条规定了建筑应设置灯光疏散指示标志的基本范围和 疏散指示标志设置的性能要求以有利于人员安全有序疏散 灯 光疏散指示标志的性能要求和具体设置要求可以按照国家现行 相关技术标准的规定确定
10,电气,10.1,消防电气,10.1.9,除筒仓、散装粮食仓库和火灾发展缓慢的场所外，厂房、 丙类仓库民用建筑平时使用的人民防空工程等建筑中的下列部 位应设置疏散照明 避难走道及其前室避难层避难间消防专用通道兼作人员疏散 的天桥和连廊 车(机船)厅等人员密集的场所及其疏散口 连接通道或换乘通道车辆基地地下区间内的纵向疏散平台,本条规定了建筑中应设置疏散照明的主要部位和场所， 使这些建筑内的人员在火灾时具有较好的疏散照明条件便于快 速疏散  本条规定的这些部位是建筑内人员在疏散时必须经过的主要 路径和节点这些场所是建筑内同一时间可能聚集的人数较多人 员疏散时易出现混乱和拥堵等情况的区域 疏散照明的具体设置 要求可以按照国家现行相关技术标准的规定确定
10,电气,10.1,消防电气,10.1.10,建筑内疏散照明的地面最低水平照度应符合下列规定: 其前室避难层避难间消防专用通道不应低于 l0.0lx,本条规定了建筑内疏散照明的基本照度要求。 建筑内疏散照明的照度值越高越有利于提高人员的疏散速 度缩短疏散时间并有利于提高人员疏散的安全性 不同建筑或建 筑内的不同部位或区域应结合实际疏散环境空间条件和使用人员的 特性等尽量在本条规定值的基础上提高疏散照明的照度值
10,电气,10.1,消防电气,10.1.11,消防控制室、消防水泵房、自备发电机房、配电室、防排 烟机房以及发生火灾时仍需正常工作的消防设备房应设置备用照 明其作业面的最低照度不应低于正常照明的照度,本条规定了建筑内应设置消防备用照明的场所及其基 本照度要求以满足在建筑发生火灾后仍需坚持工作的场所的操 作要求这些场所主要为在扑救建筑火灾的过程中需要人员坚守 和进入并进行相应控制操作等活动的房间如消防控制室消防 水泵房自备发电机房等这些房间正常照明的照度值要求可以 按照国家现行相关技术标准的规定确定
10,电气,10.1,消防电气,10.1.12,可能处于潮湿环境内的消防电气设备，外壳的防尘与防 水等级应符合下列规定,本条规定了设置在各类潮湿环境内的消防电气设备的 防护等级要求以避免潮气或水侵入电器造成损坏影响消防电气 设备和相关消防设施运行的可靠性
10,电气,10.2,非消防电气线路与设备,10.2.1,空气调节系统的电加热器应与送风机连锁，并应具有无 风断电超温断电保护装置,本条规定了空气调节系统中的电加热器的防火要求。要 求空气调节系统中的电加热器与送风机连锁是一种保护控制主 要用于防止空气调节系统在不送风情况下电加热器仍持续工作引 发火灾设置无风断电超温断电保护措施是一种强制停止电加 热器工作的关键性保护措施以提高此应急功能的可靠性
10,电气,10.2,非消防电气线路与设备,10.2.2,地铁工程中的地下电力电缆和数据通信线缆、城市综合 管廊工程中的电力电缆应采用燃烧性能不低于 Bl级的电缆或阻 燃型电线,本条规定了地铁工程、城市综合管廊工程中电力电缆的 基本防火性能要求以降低电线电缆的火灾危险性 地铁工程城市综合管廊工程中的电力电缆往往数量多电压高 是主要的火灾因素应严格控制并尽可能提高线缆自身的防火性能
10,电气,10.2,非消防电气线路与设备,10.2.3,电气线路的敷设应符合下列规定: 高温作业影响的部位不应直接敷设在可燃物上 性墙体内敷设的电气线路应具有相应的防火性能或防火保护 措施 取防火分隔措施防火分隔部位的耐火极限不应低于 2.00h门应 采用甲级防火门,本条规定了建筑内电气线路敷设的基本防火要求，以预防 电气线路因敷设不当而引发火灾建筑中的电气线路应根据供电 电压等级用电设备的功率敷设环境条件和敷设方式等采取相应的 防火保护措施避免因敷设不当导致线路老化破损等而引发火灾
10,电气,10.2,非消防电气线路与设备,10.2.4,城市交通隧道内的供电线路应与其他管道分开敷设，在 隧道内借道敷设的 l0kV及以上的高压电缆应采用耐火极限不低 于2.00h的耐火结构与隧道内的其他区域分隔,本条规定了城市交通隧道内自身供配电线路和借道电气 线路的防火要求以控制和减少城市交通隧道内的火灾危险源 一般除隧道自用供电线路外城市交通隧道内不应敷设其他供电 线路
10,电气,10.2,非消防电气线路与设备,10.2.5,架空电力线路不应跨越生产或储存易燃、易爆物质的建 筑仓库区域危险品站台及其他有爆炸危险的场所相互间的最 小水平距离不应小于电杆或电塔高度的1. 5倍lkV及以上的 架空电力线路不应跨越可燃性建筑屋面 11建筑施工,本条规定了架空高压电力线路与附近易燃易爆场所和可 燃物的最小水平距离以预防电弧或架空电力线断线等引发次生 火灾或爆炸 本条规定的电塔高度应自地面算至电塔上最高一路调设线路 吊杆的高度电杆高度应自地面算至电杆上最高一路电线的高度  11建筑施工
11,建筑施工,,,11.0.1,建筑施工现场应根据场内可燃物数量、燃烧特性、存放方 式与位置可能的火源类型和位置风向水源和电源等现场情况 采取防火措施并应符合下列规定 要求 人员密集区建筑物相对集中区及其他建筑的间距应符合防火 要求 或附近有架空高压电力线时其布置应符合本规范第 10.2.5 条的 规定 燃易爆危险品库房等场所的全年最小频率风向的上风侧,本条规定了建筑施工现场施工所需的各类设施、用房、材 料等的场地布局要求以保障施工现场的消防安全  施工现场队伍多材料和器具多人员管理复杂引发火灾的 因素多施工现场的防火除要防范人员的不安全行为外还应重 点控制容易引发火灾或爆炸的火源和材料的管理如施工用油漆 稀料乙快等易燃易爆危险品动火和动气作业场所可燃保温材 料和竹木脚手架等可燃材料堆场及其加工场所等并通过合理的 平面布局和间隔以减小相互间的火灾作用
11,建筑施工,,,11.0.2,建筑施工现场应设置消防水源、配置灭火器材，在建高层 建筑应随建设高度同步设置消防供水竖管与消防软管卷盘室内 消火栓接口在建建筑和临时建筑均应设置疏散门疏散楼梯等 疏散设施,本条规定了施工现场相关场所消防设施和器材等的基本 配置和设置要求 建筑施工时间一般较长所需办公宿舍库房等用房的防火 要求可以按照现行国家标准 建设工程施工现场消防安全技术规 范))GB50720的规定确定在建筑施工的作业场所固定动火点和 可燃材料存放地点和上述临时用房均应根据其火灾类型配置相 应的灭火器灭火沙与灭火铲等灭火器材临时用房和在建工程均 应设置相应的疏散楼梯通道等能够满足人员在火灾时安全疏散 的设施 在建工程特别是埋深或建筑面积较大的地下工程高层 建筑应随工程进度同步配置相应的消防给水管道并在楼梯和出 人口等便于安全取用的位置设置消火栓接口及消防软管卷盘以 满足扑救初起火灾的要求
11,建筑施工,,,11.0.3,建筑施工现场的临时办公用房与生活用房、发电机房、变 配电站厨房操作间锅炉房和可燃材料与易燃易爆物品库房当 围护结构房间隔墙和吊顶采用金属夹芯板材时芯材的燃烧性能 应为A级,本条规定了施工现场临时用房建造材料的燃烧性能，以提 高施工现场的消防安全性能  本条要求施工临时房屋若采用夹芯板建造应采用不燃性夹芯 板不限制采用术结构建筑但木结构临时建筑应符合本规范和国 家现行相关技术标准的相关防火要求
11,建筑施工,,,11.0.4,扩建、改建建筑施工时，施工区域应停止建筑正常使用。 非施工区域如继续正常使用应符合下列规定 消防救援 业现场的可燃物作业现场及其下方或附近不能移走的可燃物应 采取防火措施 直接取暖设备,本条规定了未全部停止正常使用的既有建筑在改建、扩 建期间的基本防火要求以减少施工现场火灾防止施工现场火灾 蔓延至仍需正常使用的非施工区域  在既有建筑的改建和扩建现场引发火灾的危险因素较多火 灾危险性较高但相应的消防设施往往已经拆除改变关停或受到 限制难以在火灾时发挥作用 因此既有建筑在改建扩建时一 般应停止整座建筑的正常使用建筑中在施工期间还必须正常使用 的区域应采取防火分隔措施并严格控制施工现场的火灾危险性因 素结合建筑与施工现场的实际情况采取有效的防火管理等安全防 范措施确保施工区域在发生火灾和建筑既有消防设施不能发挥作 用的情况下使人员疏散火灾扑救仍具有良好的条件
11,建筑施工,,,11.0.5,保障施工现场消防供水的消防水泵供电电源应能在火灾 时保持不间断供电供配电线路应为专用消防配电线路,本条规定了建筑施工现场消防水泵供电和配电的基本性 能要求  建筑施工现场的消防供水对扑救施工现场火灾十分重要设 置消防水泵的施工现场应保障在发生火灾时能及时启动消防水 泵并在灭火过程中保持持续供电 消防水泵的配电线路应采用 专用消防配电线路并从施工现场总配电箱的总断路器上端接人
11,建筑施工,,,11.0.6,施工现场临时供配电线路选型、敷设，照明器具设置，施 工所需易燃和可燃物质使用存放用火用电和用气均应符合消 防安全要求,本条是对建筑施工现场防火的原则要求，明确了各类施 工现场用临时电气线路和照明器具的选型敷设和安装以及易 燃可燃材料和物质的使用与存放要符合消防安全要求 具体的 防火要求应根据国家相关防火管理规定结合建筑施工现场的实 际情况和条件细化
12,使用与维护,,,12.0.1,市政消火栓、室外消火栓、消防水泵接合器等室外消防设 施周围应设置防止机动车辆撞击的设施 消火栓消防水泵接合 器两侧沿道路方向各 5m范围内禁止停放机动车并应在明显位 置设置警示标志,本条规定是为保障市政消火栓、建筑的室外消火栓和消 防水泵接合器等室外消防设施的安全避免被机动车撞坏或占用 而妨碍消防车在火灾和应急时取水和向建筑供水的需要在设置 市政消火栓的城镇道路和建筑周围设置室外消火栓的道路沿消火 栓一侧建筑外墙或附近设置消防水泵结合器沿车辆停靠的场地 应留出一辆消防车车位的空间并设置相应的警示标志以提示该 区域在任何时候不允许被非消防车辆占用
12,使用与维护,,,12.0.2,建筑周围的消防车道和消防车登高操作场地应保持畅 通其范围内不应存放机动车辆不应设置隔离桩栏杆等可能影 响消防车通行的障碍物并应设置明显的消防车道或消防车登高 操作场地的标识和不得占用阻塞的警示标志,本条规定是保障消防车道和消防车登高场地随时可用的 基本要求防止这些场地被占用以保证消防车在救援时能够快速 通行在火灾等应急情况下可以及时展开救援行动
12,使用与维护,,,12.0.3,地下、半地下场所内不应使用或储存闪点低于600 C的液 体液化石油气及其他相对密度不小于 0.75的可燃气体不应敷 设输送上述可燃液体或可燃气体的管道,本条规定限制在地下和半地下场所内使用和储存甲、乙 类可燃液体以及密度较大的可燃气体避免引发爆炸事故
12,使用与维护,,,12.0.4,瓶装液化石油气的使用应符合下列规定: 辐射作用与灶具的间距不应小于 0.5m 建筑外的单层专用房间内并应采取防火措施 气瓶 私自灌气,本条根据液化石油气的火灾危险性规定了瓶装液化石油 气在建筑内的使用与存放要求 液化石油气钢瓶是压力容器钢瓶的最高工作压力取决于它 的最高使用温度和充装量钢瓶的使用温度和充装量过高会使钢 瓶内压超高而可能引起瓶体爆炸
12,使用与维护,,,12.0.5,存放瓶装液化石油气和使用可燃气体、可燃液体的房间， 应防止可燃气体在室内积聚,本条规定的存放瓶装液化石油气和使用可燃气体、液体 的房间包括地上房间和地下半地下房间防止可燃气体在室内 积聚的措施主要为加强和保证室内通风或排风
12,使用与维护,,,12.0.6,在建筑使用或运营期间，应确保疏散出口、疏散通道畅 通不被占用堵塞或封闭,本条规定是为了保证建筑内主要疏散设施在发生火灾时 的可用性和安全性疏散出口包括各类安全出口房间的疏散门 疏散通道包括房间内的通道建筑内的疏散走道坡道避难走道 和疏散楼梯间当建筑内的疏散出口平时需要被锁闭时应具有 在发生火灾时自动解锁的功能
12,使用与维护,,,12.0.7,照明灯具使用应满足消防安全要求，开关、插座和照明灯 具靠近可燃物时应采取隔热散热等防火措施,本条规定了建筑中常用用电器具的防火要求，以预防和 减少因开关插座安装或使用不当照明器具表面的高温部位靠近 可燃物等原因引发火灾
